imagem_0,1.0,0.0
imagem_1,1.0,1.0
imagem_2,1.0,1.0
imagem_3,1.0,1.0
imagem_4,1.0,1.0
imagem_5,-1.0,1.0
imagem_6,-1.0,1.0
imagem_7,-1.0,1.0
imagem_8,-1.0,1.0
imagem_9,-1.0,1.0
imagem_10,0.0,1.0
imagem_11,0.0,1.0
imagem_12,0.0,1.0
imagem_13,0.0,1.0
imagem_14,0.0,1.0
imagem_15,0.0,1.0
imagem_16,0.0,1.0
imagem_17,0.0,1.0
imagem_18,0.0,1.0
imagem_19,0.0,1.0
imagem_20,0.0,1.0
imagem_21,0.0,1.0
imagem_22,0.0,1.0
imagem_23,0.0,1.0
imagem_24,0.0,1.0
imagem_25,0.0,1.0
imagem_26,0.0,1.0
imagem_27,0.0,1.0
imagem_28,0.0,1.0
imagem_29,0.0,1.0
imagem_30,0.0,1.0
imagem_31,0.0,1.0
imagem_32,0.0,1.0
imagem_33,0.0,1.0
imagem_34,0.0,1.0
imagem_35,0.0,1.0
imagem_36,0.0,1.0
imagem_37,0.0,1.0
imagem_38,0.0,1.0
imagem_39,0.0,1.0
imagem_40,0.0,1.0
imagem_41,0.0,1.0
imagem_42,0.0,1.0
imagem_43,0.0,1.0
imagem_44,0.0,1.0
imagem_45,0.0,1.0
imagem_46,0.0,1.0
imagem_47,0.0,1.0
imagem_48,0.0,1.0
imagem_49,0.0,1.0
imagem_50,0.0,1.0
imagem_51,0.0,1.0
imagem_52,0.0,1.0
imagem_53,0.0,1.0
imagem_54,0.0,1.0
imagem_55,0.0,1.0
imagem_56,0.0,1.0
imagem_57,0.0,1.0
imagem_58,0.0,1.0
imagem_59,0.0,1.0
imagem_60,0.0,1.0
imagem_61,0.0,1.0
imagem_62,0.0,1.0
imagem_63,0.0,1.0
imagem_64,0.0,1.0
imagem_65,0.0,1.0
imagem_66,0.0,1.0
imagem_67,0.0,1.0
imagem_68,0.0,1.0
imagem_69,0.0,0.0
imagem_70,0.0,0.0
imagem_71,0.0,0.0
imagem_72,0.0,0.0
imagem_73,0.0,0.0
imagem_74,0.0,0.0
imagem_75,0.0,0.0
imagem_76,0.0,0.0
imagem_77,0.0,0.0
imagem_78,0.0,0.0
imagem_79,0.0,0.0
imagem_80,0.0,0.0
imagem_81,0.0,0.0
imagem_82,0.0,0.0
imagem_83,0.0,0.0
imagem_84,0.0,0.0
imagem_85,0.0,0.0
imagem_86,0.0,0.0
imagem_87,0.0,0.0
imagem_88,0.0,0.0
imagem_89,0.0,0.0
imagem_90,0.0,0.0
imagem_91,0.0,0.0
imagem_92,-1.0,0.0
imagem_93,-1.0,0.0
imagem_94,-1.0,0.0
imagem_95,-1.0,0.0
imagem_96,-1.0,0.0
imagem_97,-1.0,0.0
imagem_98,-1.0,0.0
imagem_99,-1.0,0.0
imagem_100,-1.0,0.0
imagem_101,-1.0,0.0
imagem_102,-1.0,0.0
imagem_103,-1.0,0.0
imagem_104,-1.0,0.0
imagem_105,-1.0,0.0
imagem_106,-1.0,0.0
imagem_107,-1.0,0.0
imagem_108,-1.0,0.0
imagem_109,-1.0,0.0
imagem_110,-1.0,0.0
imagem_111,-1.0,0.0
imagem_112,-1.0,0.0
imagem_113,0.0,0.0
imagem_114,0.0,0.0
imagem_115,0.0,0.0
imagem_116,0.0,0.0
imagem_117,0.0,0.0
imagem_118,0.0,0.0
imagem_119,0.0,0.0
imagem_120,0.0,0.0
imagem_121,0.0,0.0
imagem_122,0.0,0.0
imagem_123,0.0,0.0
imagem_124,0.0,0.0
imagem_125,1.0,0.0
imagem_126,1.0,0.0
imagem_127,1.0,0.0
imagem_128,1.0,0.0
imagem_129,1.0,0.0
imagem_130,1.0,0.0
imagem_131,1.0,0.0
imagem_132,0.0,0.0
imagem_133,0.0,0.0
imagem_134,0.0,0.0
imagem_135,0.0,0.0
imagem_136,0.0,0.0
imagem_137,0.0,0.0
imagem_138,0.0,0.0
imagem_139,0.0,0.0
imagem_140,0.0,0.0
imagem_141,0.0,0.0
imagem_142,0.0,0.0
imagem_143,0.0,0.0
imagem_144,0.0,0.0
imagem_145,0.0,0.0
imagem_146,0.0,0.0
imagem_147,0.0,0.0
imagem_148,0.0,0.0
imagem_149,0.0,0.0
imagem_150,0.0,0.0
imagem_151,0.0,0.0
imagem_152,0.0,0.0
imagem_153,0.0,0.0
imagem_154,0.0,0.0
imagem_155,0.0,0.0
imagem_156,0.0,0.0
imagem_157,0.0,0.0
imagem_158,0.0,0.0
imagem_159,0.0,0.0
imagem_160,0.0,0.0
imagem_161,0.0,0.0
imagem_162,0.0,0.0
imagem_163,-1.0,0.0
imagem_164,-1.0,0.0
imagem_165,-1.0,0.0
imagem_166,0.0,0.0
imagem_167,0.0,0.0
imagem_168,0.0,0.0
imagem_169,0.0,0.0
imagem_170,0.0,0.0
imagem_171,0.0,0.0
imagem_172,0.0,0.0
imagem_173,0.0,0.0
imagem_174,0.0,0.0
imagem_175,0.0,0.0
imagem_176,0.0,0.0
imagem_177,0.0,0.0
imagem_178,0.0,0.0
imagem_179,0.0,0.0
imagem_180,0.0,0.0
imagem_181,0.0,0.0
imagem_182,0.0,0.0
imagem_183,0.0,0.0
imagem_184,0.0,0.0
imagem_185,0.0,0.0
imagem_186,0.0,0.0
imagem_187,0.0,0.0
imagem_188,0.0,0.0
imagem_189,0.0,0.0
imagem_190,0.0,0.0
imagem_191,0.0,0.0
imagem_192,0.0,0.0
imagem_193,-1.0,0.0
imagem_194,-1.0,0.0
imagem_195,-1.0,0.0
imagem_196,0.0,0.0
imagem_197,0.0,0.0
imagem_198,0.0,0.0
imagem_199,0.0,0.0
imagem_200,0.0,0.0
imagem_201,0.0,0.0
imagem_202,0.0,0.0
imagem_203,0.0,0.0
imagem_204,0.0,0.0
imagem_205,0.0,0.0
imagem_206,0.0,0.0
imagem_207,0.0,0.0
imagem_208,0.0,0.0
imagem_209,0.0,0.0
imagem_210,0.0,0.0
imagem_211,0.0,0.0
imagem_212,0.0,0.0
imagem_213,0.0,0.0
imagem_214,0.0,0.0
imagem_215,0.0,0.0
imagem_216,0.0,0.0
imagem_217,0.0,0.0
imagem_218,0.0,0.0
imagem_219,0.0,0.0
imagem_220,0.0,0.0
imagem_221,0.0,0.0
imagem_222,0.0,0.0
imagem_223,0.0,0.0
imagem_224,0.0,0.0
imagem_225,0.0,0.0
imagem_226,0.0,0.0
imagem_227,0.0,0.0
imagem_228,0.0,0.0
imagem_229,0.0,0.0
imagem_230,0.0,0.0
imagem_231,0.0,0.0
imagem_232,0.0,0.0
imagem_233,0.0,0.0
imagem_234,0.0,0.0
imagem_235,0.0,0.0
imagem_236,0.0,0.0
imagem_237,0.0,0.0
imagem_238,0.0,0.0
imagem_239,0.0,0.0
imagem_240,0.0,0.0
imagem_241,0.0,0.0
imagem_242,0.0,0.0
imagem_243,0.0,0.0
imagem_244,0.0,0.0
imagem_245,0.0,0.0
imagem_246,0.0,0.0
imagem_247,0.0,0.0
imagem_248,0.0,0.0
imagem_249,0.0,0.0
imagem_250,0.0,0.0
imagem_251,0.0,0.0
imagem_252,0.0,0.0
imagem_253,0.0,0.0
imagem_254,0.0,0.0
imagem_255,0.0,0.0
imagem_256,0.0,0.0
imagem_257,0.0,0.0
imagem_258,0.0,0.0
imagem_259,0.0,0.0
imagem_260,0.0,0.0
imagem_261,0.0,0.0
imagem_262,0.0,0.0
imagem_263,0.0,0.0
imagem_264,0.0,0.0
imagem_265,0.0,0.0
imagem_266,0.0,0.0
imagem_267,0.0,0.0
imagem_268,0.0,0.0
imagem_269,0.0,0.0
imagem_270,0.0,0.0
imagem_271,0.0,0.0
imagem_272,0.0,0.0
imagem_273,0.0,0.0
imagem_274,0.0,0.0
imagem_275,0.0,0.0
imagem_276,0.0,0.0
imagem_277,0.0,0.0
imagem_278,0.0,0.0
imagem_279,0.0,0.0
imagem_280,0.0,0.0
imagem_281,0.0,0.0
imagem_282,0.0,0.0
imagem_283,0.0,0.0
imagem_284,0.0,0.0
imagem_285,0.0,0.0
imagem_286,0.0,0.0
imagem_287,0.0,0.0
imagem_288,0.0,0.0
imagem_289,0.0,0.0
imagem_290,0.0,0.0
imagem_291,0.0,0.0
imagem_292,0.0,0.0
imagem_293,0.0,0.0
imagem_294,1.0,0.0
imagem_295,1.0,0.0
imagem_296,1.0,0.0
imagem_297,0.0,0.0
imagem_298,0.0,0.0
imagem_299,0.0,0.0
imagem_300,0.0,0.0
imagem_301,0.0,0.0
imagem_302,0.0,0.0
imagem_303,0.0,0.0
imagem_304,0.0,0.0
imagem_305,0.0,0.0
imagem_306,0.0,0.0
imagem_307,0.0,0.0
imagem_308,0.0,0.0
imagem_309,0.0,0.0
imagem_310,0.0,0.0
imagem_311,0.0,0.0
imagem_312,0.0,0.0
imagem_313,0.0,0.0
imagem_314,0.0,0.0
imagem_315,0.0,0.0
imagem_316,0.0,0.0
imagem_317,0.0,0.0
imagem_318,-1.0,0.0
imagem_319,-1.0,0.0
imagem_320,-1.0,0.0
imagem_321,-1.0,0.0
imagem_322,-1.0,0.0
imagem_323,-1.0,0.0
imagem_324,-1.0,0.0
imagem_325,-1.0,0.0
imagem_326,-1.0,0.0
imagem_327,0.0,0.0
imagem_328,0.0,0.0
imagem_329,0.0,0.0
imagem_330,0.0,0.0
imagem_331,0.0,0.0
imagem_332,0.0,0.0
imagem_333,0.0,0.0
imagem_334,0.0,0.0
imagem_335,0.0,0.0
imagem_336,0.0,0.0
imagem_337,0.0,0.0
imagem_338,0.0,0.0
imagem_339,0.0,0.0
imagem_340,0.0,0.0
imagem_341,0.0,0.0
imagem_342,0.0,0.0
imagem_343,0.0,0.0
imagem_344,0.0,0.0
imagem_345,0.0,0.0
imagem_346,0.0,0.0
imagem_347,0.0,0.0
imagem_348,0.0,0.0
imagem_349,0.0,0.0
imagem_350,0.0,0.0
imagem_351,0.0,0.0
imagem_352,0.0,0.0
imagem_353,0.0,0.0
imagem_354,0.0,0.0
imagem_355,1.0,0.0
imagem_356,1.0,0.0
imagem_357,1.0,0.0
imagem_358,0.0,0.0
imagem_359,0.0,0.0
imagem_360,0.0,0.0
imagem_361,0.0,0.0
imagem_362,0.0,0.0
imagem_363,0.0,0.0
imagem_364,0.0,0.0
imagem_365,0.0,0.0
imagem_366,0.0,0.0
imagem_367,0.0,0.0
imagem_368,0.0,0.0
imagem_369,0.0,0.0
imagem_370,0.0,0.0
imagem_371,0.0,0.0
imagem_372,0.0,0.0
imagem_373,0.0,0.0
imagem_374,0.0,0.0
imagem_375,0.0,0.0
imagem_376,0.0,0.0
imagem_377,0.0,0.0
imagem_378,-1.0,0.0
imagem_379,-1.0,0.0
imagem_380,-1.0,0.0
imagem_381,-1.0,0.0
imagem_382,-1.0,0.0
imagem_383,-1.0,0.0
imagem_384,-1.0,0.0
imagem_385,-1.0,0.0
imagem_386,-1.0,0.0
imagem_387,-1.0,0.0
imagem_388,-1.0,0.0
imagem_389,-1.0,0.0
imagem_390,-1.0,0.0
imagem_391,-1.0,0.0
imagem_392,-1.0,0.0
imagem_393,-1.0,0.0
imagem_394,-1.0,0.0
imagem_395,-1.0,0.0
imagem_396,-1.0,0.0
imagem_397,-1.0,0.0
imagem_398,-1.0,0.0
imagem_399,0.0,0.0
imagem_400,0.0,0.0
imagem_401,0.0,0.0
imagem_402,0.0,0.0
imagem_403,0.0,0.0
imagem_404,0.0,0.0
imagem_405,0.0,0.0
imagem_406,0.0,0.0
imagem_407,0.0,0.0
imagem_408,0.0,0.0
imagem_409,0.0,0.0
imagem_410,0.0,0.0
imagem_411,0.0,0.0
imagem_412,0.0,0.0
imagem_413,0.0,0.0
imagem_414,0.0,0.0
imagem_415,1.0,0.0
imagem_416,1.0,0.0
imagem_417,1.0,0.0
imagem_418,1.0,0.0
imagem_419,0.0,0.0
imagem_420,0.0,0.0
imagem_421,0.0,0.0
imagem_422,0.0,0.0
imagem_423,0.0,0.0
imagem_424,0.0,0.0
imagem_425,0.0,0.0
imagem_426,0.0,0.0
imagem_427,0.0,0.0
imagem_428,0.0,0.0
imagem_429,0.0,0.0
imagem_430,0.0,0.0
imagem_431,0.0,0.0
imagem_432,0.0,0.0
imagem_433,0.0,0.0
imagem_434,0.0,0.0
imagem_435,0.0,0.0
imagem_436,0.0,0.0
imagem_437,1.0,0.0
imagem_438,1.0,0.0
imagem_439,1.0,0.0
imagem_440,1.0,0.0
imagem_441,1.0,0.0
imagem_442,1.0,0.0
imagem_443,1.0,0.0
imagem_444,1.0,0.0
imagem_445,1.0,0.0
imagem_446,1.0,0.0
imagem_447,0.0,0.0
imagem_448,0.0,0.0
imagem_449,0.0,0.0
imagem_450,0.0,0.0
imagem_451,0.0,0.0
imagem_452,0.0,0.0
imagem_453,0.0,0.0
imagem_454,0.0,0.0
imagem_455,0.0,0.0
imagem_456,0.0,0.0
imagem_457,0.0,0.0
imagem_458,0.0,0.0
imagem_459,0.0,0.0
imagem_460,0.0,0.0
imagem_461,0.0,0.0
imagem_462,0.0,0.0
imagem_463,0.0,0.0
imagem_464,0.0,0.0
imagem_465,0.0,0.0
imagem_466,0.0,0.0
imagem_467,0.0,0.0
imagem_468,0.0,0.0
imagem_469,0.0,0.0
imagem_470,0.0,0.0
imagem_471,0.0,0.0
imagem_472,0.0,0.0
imagem_473,0.0,0.0
imagem_474,0.0,0.0
imagem_475,0.0,0.0
imagem_476,0.0,0.0
imagem_477,0.0,0.0
imagem_478,0.0,0.0
imagem_479,0.0,0.0
imagem_480,0.0,0.0
imagem_481,0.0,0.0
imagem_482,0.0,0.0
imagem_483,1.0,0.0
imagem_484,1.0,0.0
imagem_485,1.0,0.0
imagem_486,1.0,0.0
imagem_487,0.0,0.0
imagem_488,0.0,0.0
imagem_489,0.0,0.0
imagem_490,0.0,0.0
imagem_491,0.0,0.0
imagem_492,0.0,0.0
imagem_493,0.0,0.0
imagem_494,0.0,0.0
imagem_495,0.0,0.0
imagem_496,0.0,0.0
imagem_497,0.0,0.0
imagem_498,0.0,0.0
imagem_499,0.0,0.0
imagem_500,0.0,0.0
imagem_501,0.0,0.0
imagem_502,0.0,0.0
imagem_503,0.0,0.0
imagem_504,0.0,0.0
imagem_505,0.0,0.0
imagem_506,0.0,0.0
imagem_507,0.0,0.0
imagem_508,0.0,0.0
imagem_509,0.0,0.0
imagem_510,0.0,0.0
imagem_511,0.0,0.0
imagem_512,0.0,0.0
imagem_513,0.0,0.0
imagem_514,0.0,0.0
imagem_515,0.0,0.0
imagem_516,0.0,0.0
imagem_517,0.0,0.0
imagem_518,0.0,0.0
imagem_519,0.0,0.0
imagem_520,0.0,0.0
imagem_521,0.0,0.0
imagem_522,0.0,0.0
imagem_523,0.0,0.0
imagem_524,0.0,0.0
imagem_525,0.0,0.0
imagem_526,0.0,0.0
imagem_527,0.0,0.0
imagem_528,0.0,0.0
imagem_529,0.0,0.0
imagem_530,0.0,0.0
imagem_531,0.0,0.0
imagem_532,0.0,0.0
imagem_533,0.0,0.0
imagem_534,0.0,0.0
imagem_535,-1.0,0.0
imagem_536,-1.0,0.0
imagem_537,-1.0,0.0
imagem_538,-1.0,0.0
imagem_539,-1.0,0.0
imagem_540,-1.0,0.0
imagem_541,-1.0,0.0
imagem_542,-1.0,0.0
imagem_543,-1.0,0.0
imagem_544,-1.0,0.0
imagem_545,-1.0,0.0
imagem_546,-1.0,0.0
imagem_547,-1.0,0.0
imagem_548,-1.0,0.0
imagem_549,-1.0,0.0
imagem_550,-1.0,0.0
imagem_551,-1.0,0.0
imagem_552,0.0,0.0
imagem_553,0.0,0.0
imagem_554,0.0,0.0
imagem_555,0.0,0.0
imagem_556,0.0,0.0
imagem_557,0.0,0.0
imagem_558,0.0,0.0
imagem_559,0.0,0.0
imagem_560,0.0,0.0
imagem_561,0.0,0.0
imagem_562,0.0,0.0
imagem_563,0.0,0.0
imagem_564,0.0,0.0
imagem_565,0.0,0.0
imagem_566,0.0,0.0
imagem_567,0.0,0.0
imagem_568,0.0,0.0
imagem_569,0.0,0.0
imagem_570,0.0,0.0
imagem_571,0.0,0.0
imagem_572,0.0,0.0
imagem_573,0.0,0.0
imagem_574,0.0,0.0
imagem_575,0.0,0.0
imagem_576,0.0,0.0
imagem_577,0.0,0.0
imagem_578,0.0,0.0
imagem_579,0.0,0.0
imagem_580,0.0,0.0
imagem_581,0.0,0.0
imagem_582,0.0,0.0
imagem_583,0.0,0.0
imagem_584,0.0,0.0
imagem_585,0.0,0.0
imagem_586,0.0,0.0
imagem_587,0.0,0.0
imagem_588,0.0,0.0
imagem_589,0.0,0.0
imagem_590,0.0,0.0
imagem_591,0.0,0.0
imagem_592,0.0,0.0
imagem_593,0.0,0.0
imagem_594,0.0,0.0
imagem_595,0.0,0.0
imagem_596,0.0,0.0
imagem_597,0.0,0.0
imagem_598,0.0,0.0
imagem_599,0.0,0.0
imagem_600,-1.0,0.0
imagem_601,-1.0,0.0
imagem_602,-1.0,0.0
imagem_603,-1.0,0.0
imagem_604,-1.0,0.0
imagem_605,-1.0,0.0
imagem_606,-1.0,0.0
imagem_607,-1.0,0.0
imagem_608,-1.0,0.0
imagem_609,-1.0,0.0
imagem_610,-1.0,0.0
imagem_611,-1.0,0.0
imagem_612,-1.0,0.0
imagem_613,0.0,0.0
imagem_614,-1.0,0.0
imagem_615,0.0,0.0
imagem_616,0.0,0.0
imagem_617,0.0,0.0
imagem_618,0.0,0.0
imagem_619,0.0,0.0
imagem_620,0.0,0.0
imagem_621,0.0,0.0
imagem_622,0.0,0.0
imagem_623,1.0,0.0
imagem_624,1.0,0.0
imagem_625,1.0,0.0
imagem_626,1.0,0.0
imagem_627,1.0,0.0
imagem_628,1.0,0.0
imagem_629,1.0,0.0
imagem_630,1.0,0.0
imagem_631,1.0,0.0
imagem_632,1.0,0.0
imagem_633,1.0,0.0
imagem_634,1.0,0.0
imagem_635,1.0,0.0
imagem_636,1.0,0.0
imagem_637,1.0,0.0
imagem_638,1.0,0.0
imagem_639,0.0,0.0
imagem_640,0.0,0.0
imagem_641,0.0,0.0
imagem_642,0.0,0.0
imagem_643,0.0,0.0
imagem_644,0.0,0.0
imagem_645,0.0,0.0
imagem_646,0.0,0.0
imagem_647,0.0,0.0
imagem_648,0.0,0.0
imagem_649,0.0,0.0
imagem_650,0.0,0.0
imagem_651,0.0,0.0
imagem_652,0.0,0.0
imagem_653,0.0,0.0
imagem_654,0.0,0.0
imagem_655,0.0,0.0
imagem_656,-1.0,0.0
imagem_657,-1.0,0.0
imagem_658,-1.0,0.0
imagem_659,-1.0,0.0
imagem_660,-1.0,0.0
imagem_661,0.0,0.0
imagem_662,0.0,0.0
imagem_663,0.0,0.0
imagem_664,0.0,0.0
imagem_665,0.0,0.0
imagem_666,0.0,0.0
imagem_667,0.0,0.0
imagem_668,0.0,0.0
imagem_669,0.0,0.0
imagem_670,0.0,0.0
imagem_671,0.0,0.0
imagem_672,0.0,0.0
imagem_673,0.0,0.0
imagem_674,0.0,0.0
imagem_675,0.0,0.0
imagem_676,0.0,0.0
imagem_677,0.0,0.0
imagem_678,0.0,0.0
imagem_679,0.0,0.0
imagem_680,0.0,0.0
imagem_681,0.0,0.0
imagem_682,0.0,0.0
imagem_683,0.0,0.0
imagem_684,0.0,0.0
imagem_685,0.0,0.0
imagem_686,0.0,0.0
imagem_687,0.0,0.0
imagem_688,0.0,0.0
imagem_689,0.0,0.0
imagem_690,0.0,0.0
imagem_691,0.0,0.0
imagem_692,0.0,0.0
imagem_693,0.0,0.0
imagem_694,0.0,0.0
imagem_695,0.0,0.0
imagem_696,0.0,0.0
imagem_697,0.0,0.0
imagem_698,0.0,0.0
imagem_699,0.0,0.0
imagem_700,0.0,0.0
imagem_701,0.0,0.0
imagem_702,0.0,0.0
imagem_703,0.0,0.0
imagem_704,0.0,0.0
imagem_705,0.0,0.0
imagem_706,0.0,0.0
imagem_707,0.0,0.0
imagem_708,0.0,0.0
imagem_709,0.0,0.0
imagem_710,0.0,0.0
imagem_711,0.0,0.0
imagem_712,0.0,0.0
imagem_713,0.0,0.0
imagem_714,0.0,0.0
imagem_715,0.0,0.0
imagem_716,0.0,0.0
imagem_717,0.0,0.0
imagem_718,0.0,0.0
imagem_719,0.0,0.0
imagem_720,0.0,0.0
imagem_721,0.0,0.0
imagem_722,0.0,0.0
imagem_723,0.0,0.0
imagem_724,0.0,0.0
imagem_725,0.0,0.0
imagem_726,0.0,0.0
imagem_727,0.0,0.0
imagem_728,0.0,0.0
imagem_729,0.0,0.0
imagem_730,0.0,0.0
imagem_731,0.0,0.0
imagem_732,0.0,0.0
imagem_733,0.0,0.0
imagem_734,0.0,0.0
imagem_735,0.0,0.0
imagem_736,0.0,0.0
imagem_737,0.0,0.0
imagem_738,0.0,0.0
imagem_739,0.0,0.0
imagem_740,0.0,0.0
imagem_741,0.0,0.0
imagem_742,0.0,0.0
imagem_743,0.0,0.0
imagem_744,0.0,0.0
imagem_745,0.0,0.0
imagem_746,0.0,0.0
imagem_747,0.0,0.0
imagem_748,0.0,0.0
imagem_749,-1.0,0.0
imagem_750,-1.0,0.0
imagem_751,-1.0,0.0
imagem_752,-1.0,0.0
imagem_753,-1.0,0.0
imagem_754,-1.0,0.0
imagem_755,-1.0,0.0
imagem_756,-1.0,0.0
imagem_757,-1.0,0.0
imagem_758,-1.0,0.0
imagem_759,-1.0,0.0
imagem_760,-1.0,0.0
imagem_761,0.0,0.0
imagem_762,0.0,0.0
imagem_763,0.0,0.0
imagem_764,0.0,0.0
imagem_765,0.0,0.0
imagem_766,0.0,0.0
imagem_767,0.0,0.0
imagem_768,0.0,0.0
imagem_769,0.0,0.0
imagem_770,0.0,0.0
imagem_771,0.0,0.0
imagem_772,0.0,0.0
imagem_773,0.0,0.0
imagem_774,0.0,0.0
imagem_775,0.0,0.0
imagem_776,0.0,0.0
imagem_777,0.0,0.0
imagem_778,0.0,0.0
imagem_779,0.0,0.0
imagem_780,0.0,0.0
imagem_781,0.0,0.0
imagem_782,0.0,0.0
imagem_783,0.0,0.0
imagem_784,0.0,0.0
imagem_785,0.0,0.0
imagem_786,0.0,0.0
imagem_787,0.0,0.0
imagem_788,0.0,0.0
imagem_789,0.0,0.0
imagem_790,0.0,0.0
imagem_791,0.0,0.0
imagem_792,0.0,0.0
imagem_793,0.0,0.0
imagem_794,0.0,1.0
imagem_795,0.0,1.0
imagem_796,0.0,0.0
imagem_797,0.0,0.0
imagem_798,0.0,0.0
imagem_799,0.0,0.0
imagem_800,0.0,0.0
imagem_801,0.0,0.0
imagem_802,0.0,0.0
imagem_803,0.0,0.0
imagem_804,0.0,0.0
imagem_805,0.0,0.0
imagem_806,0.0,0.0
imagem_807,0.0,0.0
imagem_808,0.0,0.0
imagem_809,0.0,0.0
imagem_810,0.0,0.0
imagem_811,0.0,0.0
imagem_812,0.0,0.0
imagem_813,0.0,0.0
imagem_814,0.0,0.0
imagem_815,0.0,0.0
imagem_816,0.0,0.0
imagem_817,0.0,0.0
imagem_818,0.0,0.0
imagem_819,0.0,0.0
imagem_820,0.0,0.0
imagem_821,0.0,0.0
imagem_822,0.0,0.0
imagem_823,0.0,0.0
imagem_824,0.0,0.0
imagem_825,0.0,0.0
imagem_826,0.0,0.0
imagem_827,0.0,0.0
imagem_828,0.0,0.0
imagem_829,-1.0,0.0
imagem_830,-1.0,0.0
imagem_831,-1.0,0.0
imagem_832,-1.0,0.0
imagem_833,-1.0,0.0
imagem_834,-1.0,0.0
imagem_835,0.0,0.0
imagem_836,0.0,0.0
imagem_837,0.0,0.0
imagem_838,0.0,0.0
imagem_839,0.0,0.0
imagem_840,0.0,0.0
imagem_841,0.0,0.0
imagem_842,0.0,0.0
imagem_843,0.0,0.0
imagem_844,0.0,0.0
imagem_845,0.0,0.0
imagem_846,0.0,0.0
imagem_847,0.0,0.0
imagem_848,0.0,0.0
imagem_849,0.0,0.0
imagem_850,0.0,0.0
imagem_851,0.0,0.0
imagem_852,0.0,0.0
imagem_853,0.0,0.0
imagem_854,0.0,0.0
imagem_855,0.0,0.0
imagem_856,0.0,0.0
imagem_857,0.0,0.0
imagem_858,0.0,0.0
imagem_859,0.0,0.0
imagem_860,0.0,0.0
imagem_861,0.0,0.0
imagem_862,0.0,0.0
imagem_863,0.0,0.0
imagem_864,0.0,0.0
imagem_865,0.0,0.0
imagem_866,0.0,0.0
imagem_867,0.0,0.0
imagem_868,0.0,0.0
imagem_869,0.0,0.0
imagem_870,0.0,0.0
imagem_871,0.0,0.0
imagem_872,0.0,0.0
imagem_873,0.0,0.0
imagem_874,0.0,0.0
imagem_875,0.0,0.0
imagem_876,0.0,0.0
imagem_877,0.0,0.0
imagem_878,0.0,0.0
imagem_879,0.0,0.0
imagem_880,0.0,0.0
imagem_881,0.0,0.0
imagem_882,0.0,0.0
imagem_883,0.0,0.0
imagem_884,0.0,0.0
imagem_885,0.0,0.0
imagem_886,0.0,0.0
imagem_887,0.0,0.0
imagem_888,0.0,0.0
imagem_889,0.0,0.0
imagem_890,0.0,0.0
imagem_891,0.0,0.0
imagem_892,0.0,0.0
imagem_893,0.0,0.0
imagem_894,0.0,0.0
imagem_895,0.0,0.0
imagem_896,0.0,0.0
imagem_897,0.0,0.0
imagem_898,0.0,0.0
imagem_899,0.0,0.0
imagem_900,0.0,0.0
imagem_901,0.0,0.0
imagem_902,0.0,0.0
imagem_903,0.0,0.0
imagem_904,0.0,0.0
imagem_905,0.0,0.0
imagem_906,-1.0,0.0
imagem_907,-1.0,0.0
imagem_908,-1.0,0.0
imagem_909,0.0,0.0
imagem_910,0.0,0.0
imagem_911,0.0,0.0
imagem_912,0.0,0.0
imagem_913,0.0,0.0
imagem_914,0.0,0.0
imagem_915,0.0,0.0
imagem_916,0.0,0.0
imagem_917,0.0,0.0
imagem_918,0.0,0.0
imagem_919,0.0,0.0
imagem_920,0.0,0.0
imagem_921,0.0,0.0
imagem_922,0.0,0.0
imagem_923,0.0,0.0
imagem_924,0.0,0.0
imagem_925,0.0,0.0
imagem_926,0.0,0.0
imagem_927,0.0,0.0
imagem_928,0.0,0.0
imagem_929,0.0,0.0
imagem_930,0.0,0.0
imagem_931,0.0,0.0
imagem_932,0.0,0.0
imagem_933,0.0,0.0
imagem_934,0.0,0.0
imagem_935,0.0,0.0
imagem_936,0.0,0.0
imagem_937,0.0,0.0
imagem_938,0.0,0.0
imagem_939,0.0,0.0
imagem_940,-1.0,0.0
imagem_941,-1.0,0.0
imagem_942,-1.0,0.0
imagem_943,-1.0,0.0
imagem_944,-1.0,0.0
imagem_945,-1.0,0.0
imagem_946,-1.0,0.0
imagem_947,-1.0,0.0
imagem_948,-1.0,0.0
imagem_949,0.0,0.0
imagem_950,0.0,0.0
imagem_951,0.0,0.0
imagem_952,0.0,0.0
imagem_953,0.0,0.0
imagem_954,0.0,0.0
imagem_955,0.0,0.0
imagem_956,0.0,0.0
imagem_957,0.0,0.0
imagem_958,0.0,0.0
imagem_959,0.0,0.0
imagem_960,0.0,0.0
imagem_961,0.0,0.0
imagem_962,0.0,0.0
imagem_963,0.0,0.0
imagem_964,-1.0,0.0
imagem_965,-1.0,0.0
imagem_966,-1.0,0.0
imagem_967,-1.0,0.0
imagem_968,-1.0,0.0
imagem_969,-1.0,0.0
imagem_970,-1.0,0.0
imagem_971,-1.0,0.0
imagem_972,-1.0,0.0
imagem_973,-1.0,0.0
imagem_974,0.0,0.0
imagem_975,0.0,0.0
imagem_976,0.0,0.0
imagem_977,0.0,0.0
imagem_978,0.0,0.0
imagem_979,0.0,0.0
imagem_980,0.0,0.0
imagem_981,0.0,0.0
imagem_982,0.0,0.0
imagem_983,0.0,0.0
imagem_984,0.0,0.0
imagem_985,0.0,0.0
imagem_986,0.0,0.0
imagem_987,0.0,0.0
imagem_988,0.0,0.0
imagem_989,0.0,0.0
imagem_990,0.0,0.0
imagem_991,0.0,0.0
imagem_992,0.0,0.0
imagem_993,0.0,0.0
imagem_994,0.0,0.0
imagem_995,0.0,0.0
imagem_996,0.0,0.0
imagem_997,0.0,0.0
imagem_998,0.0,0.0
imagem_999,0.0,0.0
imagem_1000,0.0,0.0
imagem_1001,0.0,0.0
imagem_1002,0.0,0.0
imagem_1003,0.0,0.0
imagem_1004,0.0,0.0
imagem_1005,0.0,0.0
imagem_1006,0.0,0.0
imagem_1007,0.0,1.0
imagem_1008,0.0,0.0
imagem_1009,0.0,0.0
imagem_1010,0.0,0.0
imagem_1011,0.0,0.0
imagem_1012,0.0,0.0
imagem_1013,0.0,0.0
imagem_1014,0.0,0.0
imagem_1015,0.0,0.0
imagem_1016,0.0,0.0
imagem_1017,0.0,0.0
imagem_1018,0.0,0.0
imagem_1019,0.0,0.0
imagem_1020,1.0,0.0
imagem_1021,1.0,0.0
imagem_1022,1.0,0.0
imagem_1023,1.0,0.0
imagem_1024,1.0,0.0
imagem_1025,1.0,0.0
imagem_1026,1.0,0.0
imagem_1027,1.0,0.0
imagem_1028,1.0,0.0
imagem_1029,1.0,0.0
imagem_1030,1.0,0.0
imagem_1031,1.0,0.0
imagem_1032,1.0,0.0
imagem_1033,1.0,0.0
imagem_1034,1.0,0.0
imagem_1035,1.0,0.0
imagem_1036,1.0,0.0
imagem_1037,1.0,0.0
imagem_1038,1.0,0.0
imagem_1039,1.0,0.0
imagem_1040,1.0,0.0
imagem_1041,1.0,0.0
imagem_1042,1.0,0.0
imagem_1043,1.0,0.0
imagem_1044,1.0,0.0
imagem_1045,1.0,0.0
imagem_1046,1.0,0.0
imagem_1047,1.0,0.0
imagem_1048,1.0,0.0
imagem_1049,1.0,0.0
imagem_1050,0.0,0.0
imagem_1051,0.0,0.0
imagem_1052,0.0,0.0
imagem_1053,0.0,0.0
imagem_1054,0.0,1.0
imagem_1055,0.0,0.0
imagem_1056,0.0,0.0
imagem_1057,0.0,0.0
imagem_1058,0.0,0.0
imagem_1059,0.0,0.0
imagem_1060,0.0,0.0
imagem_1061,0.0,0.0
imagem_1062,0.0,0.0
imagem_1063,0.0,0.0
imagem_1064,0.0,0.0
imagem_1065,0.0,0.0
imagem_1066,-1.0,0.0
imagem_1067,-1.0,0.0
imagem_1068,-1.0,0.0
imagem_1069,-1.0,0.0
imagem_1070,-1.0,0.0
imagem_1071,0.0,0.0
imagem_1072,0.0,0.0
imagem_1073,0.0,0.0
imagem_1074,0.0,0.0
imagem_1075,0.0,0.0
imagem_1076,0.0,0.0
imagem_1077,0.0,0.0
imagem_1078,0.0,0.0
imagem_1079,0.0,0.0
imagem_1080,0.0,0.0
imagem_1081,0.0,0.0
imagem_1082,0.0,0.0
imagem_1083,0.0,0.0
imagem_1084,0.0,0.0
imagem_1085,0.0,0.0
imagem_1086,0.0,0.0
imagem_1087,0.0,0.0
imagem_1088,0.0,0.0
imagem_1089,0.0,0.0
imagem_1090,0.0,0.0
imagem_1091,0.0,0.0
imagem_1092,0.0,0.0
imagem_1093,0.0,0.0
imagem_1094,0.0,0.0
imagem_1095,0.0,0.0
imagem_1096,0.0,0.0
imagem_1097,0.0,0.0
imagem_1098,0.0,0.0
imagem_1099,0.0,0.0
imagem_1100,0.0,0.0
imagem_1101,0.0,0.0
imagem_1102,0.0,0.0
imagem_1103,0.0,0.0
imagem_1104,0.0,0.0
imagem_1105,0.0,0.0
imagem_1106,0.0,0.0
imagem_1107,0.0,0.0
imagem_1108,0.0,0.0
imagem_1109,0.0,0.0
imagem_1110,0.0,0.0
imagem_1111,0.0,0.0
imagem_1112,0.0,0.0
imagem_1113,0.0,0.0
imagem_1114,0.0,0.0
imagem_1115,0.0,0.0
imagem_1116,0.0,0.0
imagem_1117,0.0,0.0
imagem_1118,0.0,0.0
imagem_1119,0.0,0.0
imagem_1120,0.0,0.0
imagem_1121,0.0,0.0
imagem_1122,0.0,0.0
imagem_1123,0.0,0.0
imagem_1124,0.0,0.0
imagem_1125,0.0,0.0
imagem_1126,0.0,0.0
imagem_1127,0.0,0.0
imagem_1128,0.0,0.0
imagem_1129,0.0,0.0
imagem_1130,0.0,0.0
imagem_1131,0.0,0.0
imagem_1132,0.0,0.0
imagem_1133,0.0,0.0
imagem_1134,0.0,0.0
imagem_1135,0.0,0.0
imagem_1136,0.0,0.0
imagem_1137,0.0,0.0
imagem_1138,0.0,0.0
imagem_1139,0.0,0.0
imagem_1140,0.0,0.0
imagem_1141,0.0,0.0
imagem_1142,0.0,0.0
imagem_1143,0.0,0.0
imagem_1144,0.0,0.0
imagem_1145,0.0,0.0
imagem_1146,0.0,0.0
imagem_1147,0.0,0.0
imagem_1148,0.0,0.0
imagem_1149,0.0,0.0
imagem_1150,0.0,0.0
imagem_1151,0.0,0.0
imagem_1152,0.0,0.0
imagem_1153,0.0,0.0
imagem_1154,0.0,0.0
imagem_1155,0.0,0.0
imagem_1156,0.0,0.0
imagem_1157,0.0,0.0
imagem_1158,0.0,0.0
imagem_1159,0.0,0.0
imagem_1160,0.0,0.0
imagem_1161,0.0,0.0
imagem_1162,0.0,0.0
imagem_1163,0.0,0.0
imagem_1164,0.0,0.0
imagem_1165,0.0,0.0
imagem_1166,0.0,0.0
imagem_1167,0.0,0.0
imagem_1168,0.0,0.0
imagem_1169,0.0,0.0
imagem_1170,0.0,0.0
imagem_1171,0.0,0.0
imagem_1172,0.0,0.0
imagem_1173,0.0,0.0
imagem_1174,0.0,0.0
imagem_1175,0.0,0.0
imagem_1176,0.0,0.0
imagem_1177,0.0,0.0
imagem_1178,0.0,0.0
imagem_1179,0.0,0.0
imagem_1180,0.0,0.0
imagem_1181,0.0,0.0
imagem_1182,0.0,0.0
imagem_1183,0.0,0.0
imagem_1184,0.0,0.0
imagem_1185,0.0,0.0
imagem_1186,0.0,0.0
imagem_1187,0.0,0.0
imagem_1188,0.0,0.0
imagem_1189,0.0,0.0
imagem_1190,0.0,0.0
imagem_1191,0.0,0.0
imagem_1192,0.0,0.0
imagem_1193,0.0,0.0
imagem_1194,0.0,0.0
imagem_1195,0.0,0.0
imagem_1196,0.0,0.0
imagem_1197,0.0,0.0
imagem_1198,0.0,0.0
imagem_1199,0.0,0.0
imagem_1200,0.0,0.0
imagem_1201,0.0,0.0
imagem_1202,0.0,0.0
imagem_1203,0.0,0.0
imagem_1204,0.0,0.0
imagem_1205,0.0,0.0
imagem_1206,0.0,0.0
imagem_1207,-1.0,0.0
imagem_1208,-1.0,0.0
imagem_1209,-1.0,0.0
imagem_1210,-1.0,0.0
imagem_1211,-1.0,0.0
imagem_1212,-1.0,0.0
imagem_1213,-1.0,0.0
imagem_1214,-1.0,0.0
imagem_1215,-1.0,0.0
imagem_1216,-1.0,0.0
imagem_1217,-1.0,0.0
imagem_1218,0.0,0.0
imagem_1219,0.0,0.0
imagem_1220,0.0,0.0
imagem_1221,0.0,0.0
imagem_1222,0.0,0.0
imagem_1223,0.0,0.0
imagem_1224,0.0,0.0
imagem_1225,0.0,0.0
imagem_1226,0.0,0.0
imagem_1227,0.0,0.0
imagem_1228,-1.0,0.0
imagem_1229,-1.0,0.0
imagem_1230,-1.0,0.0
imagem_1231,-1.0,0.0
imagem_1232,-1.0,0.0
imagem_1233,-1.0,0.0
imagem_1234,-1.0,0.0
imagem_1235,-1.0,0.0
imagem_1236,-1.0,0.0
imagem_1237,-1.0,0.0
imagem_1238,-1.0,0.0
imagem_1239,-1.0,0.0
imagem_1240,-1.0,0.0
imagem_1241,0.0,0.0
imagem_1242,0.0,0.0
imagem_1243,0.0,0.0
imagem_1244,0.0,0.0
imagem_1245,0.0,0.0
imagem_1246,0.0,0.0
imagem_1247,0.0,1.0
imagem_1248,0.0,1.0
imagem_1249,1.0,1.0
imagem_1250,1.0,1.0
imagem_1251,-1.0,1.0
imagem_1252,1.0,0.0
imagem_1253,1.0,0.0
imagem_1254,1.0,0.0
imagem_1255,-1.0,0.0
imagem_1256,-1.0,0.0
imagem_1257,-1.0,0.0
imagem_1258,-1.0,0.0
imagem_1259,-1.0,0.0
imagem_1260,-1.0,0.0
imagem_1261,-1.0,0.0
imagem_1262,-1.0,0.0
imagem_1263,-1.0,0.0
imagem_1264,-1.0,0.0
imagem_1265,-1.0,0.0
imagem_1266,-1.0,0.0
imagem_1267,-1.0,0.0
imagem_1268,-1.0,0.0
imagem_1269,-1.0,0.0
imagem_1270,-1.0,0.0
imagem_1271,-1.0,0.0
imagem_1272,-1.0,0.0
imagem_1273,-1.0,0.0
imagem_1274,-1.0,0.0
imagem_1275,-1.0,0.0
imagem_1276,-1.0,0.0
imagem_1277,-1.0,0.0
imagem_1278,-1.0,0.0
imagem_1279,-1.0,0.0
imagem_1280,-1.0,0.0
imagem_1281,-1.0,0.0
imagem_1282,-1.0,0.0
imagem_1283,-1.0,0.0
imagem_1284,-1.0,0.0
imagem_1285,-1.0,0.0
imagem_1286,-1.0,0.0
imagem_1287,-1.0,0.0
imagem_1288,-1.0,0.0
imagem_1289,-1.0,0.0
imagem_1290,-1.0,0.0
imagem_1291,-1.0,0.0
imagem_1292,-1.0,0.0
imagem_1293,-1.0,0.0
imagem_1294,1.0,0.0
imagem_1295,1.0,0.0
imagem_1296,1.0,0.0
imagem_1297,1.0,0.0
imagem_1298,1.0,0.0
imagem_1299,-1.0,0.0
imagem_1300,-1.0,0.0
imagem_1301,-1.0,0.0
imagem_1302,-1.0,0.0
imagem_1303,-1.0,0.0
imagem_1304,-1.0,0.0
imagem_1305,-1.0,0.0
imagem_1306,-1.0,0.0
imagem_1307,-1.0,0.0
imagem_1308,-1.0,0.0
imagem_1309,1.0,0.0
imagem_1310,1.0,0.0
imagem_1311,1.0,0.0
imagem_1312,1.0,0.0
imagem_1313,1.0,0.0
imagem_1314,1.0,0.0
imagem_1315,1.0,0.0
imagem_1316,1.0,0.0
imagem_1317,1.0,0.0
imagem_1318,1.0,0.0
imagem_1319,-1.0,0.0
imagem_1320,-1.0,0.0
imagem_1321,-1.0,0.0
imagem_1322,-1.0,0.0
imagem_1323,-1.0,0.0
imagem_1324,-1.0,0.0
imagem_1325,-1.0,0.0
imagem_1326,-1.0,0.0
imagem_1327,-1.0,0.0
imagem_1328,-1.0,0.0
imagem_1329,-1.0,0.0
imagem_1330,-1.0,0.0
imagem_1331,-1.0,0.0
imagem_1332,-1.0,0.0
imagem_1333,-1.0,0.0
imagem_1334,-1.0,0.0
imagem_1335,-1.0,0.0
imagem_1336,1.0,0.0
imagem_1337,1.0,0.0
imagem_1338,1.0,0.0
imagem_1339,1.0,0.0
imagem_1340,-1.0,0.0
imagem_1341,-1.0,0.0
imagem_1342,-1.0,0.0
imagem_1343,-1.0,0.0
imagem_1344,-1.0,0.0
imagem_1345,-1.0,0.0
imagem_1346,-1.0,0.0
imagem_1347,-1.0,0.0
imagem_1348,-1.0,0.0
imagem_1349,-1.0,0.0
imagem_1350,-1.0,0.0
imagem_1351,-1.0,0.0
imagem_1352,-1.0,0.0
imagem_1353,-1.0,0.0
imagem_1354,-1.0,0.0
imagem_1355,-1.0,0.0
imagem_1356,-1.0,0.0
imagem_1357,-1.0,0.0
imagem_1358,-1.0,0.0
imagem_1359,-1.0,0.0
imagem_1360,-1.0,0.0
imagem_1361,-1.0,0.0
imagem_1362,-1.0,0.0
imagem_1363,-1.0,0.0
imagem_1364,-1.0,0.0
imagem_1365,-1.0,0.0
imagem_1366,-1.0,0.0
imagem_1367,-1.0,0.0
imagem_1368,1.0,0.0
imagem_1369,1.0,0.0
imagem_1370,1.0,0.0
imagem_1371,1.0,0.0
imagem_1372,1.0,0.0
imagem_1373,1.0,0.0
imagem_1374,1.0,0.0
imagem_1375,-1.0,0.0
imagem_1376,-1.0,0.0
imagem_1377,-1.0,0.0
imagem_1378,-1.0,0.0
imagem_1379,-1.0,0.0
imagem_1380,-1.0,0.0
imagem_1381,-1.0,0.0
imagem_1382,-1.0,0.0
imagem_1383,-1.0,0.0
imagem_1384,-1.0,0.0
imagem_1385,-1.0,0.0
imagem_1386,-1.0,0.0
imagem_1387,-1.0,0.0
imagem_1388,-1.0,0.0
imagem_1389,-1.0,0.0
imagem_1390,-1.0,0.0
imagem_1391,-1.0,0.0
imagem_1392,-1.0,0.0
imagem_1393,-1.0,0.0
imagem_1394,-1.0,0.0
imagem_1395,-1.0,0.0
imagem_1396,-1.0,0.0
imagem_1397,-1.0,0.0
imagem_1398,-1.0,0.0
imagem_1399,-1.0,0.0
imagem_1400,-1.0,0.0
imagem_1401,-1.0,0.0
imagem_1402,-1.0,0.0
imagem_1403,-1.0,0.0
imagem_1404,-1.0,0.0
imagem_1405,-1.0,0.0
imagem_1406,-1.0,0.0
imagem_1407,-1.0,0.0
imagem_1408,-1.0,0.0
imagem_1409,1.0,0.0
imagem_1410,1.0,0.0
imagem_1411,1.0,0.0
imagem_1412,1.0,0.0
imagem_1413,1.0,0.0
imagem_1414,1.0,0.0
imagem_1415,1.0,0.0
imagem_1416,1.0,0.0
imagem_1417,1.0,0.0
imagem_1418,1.0,0.0
imagem_1419,1.0,0.0
imagem_1420,1.0,0.0
imagem_1421,1.0,0.0
imagem_1422,1.0,0.0
imagem_1423,1.0,0.0
imagem_1424,1.0,0.0
imagem_1425,1.0,0.0
imagem_1426,1.0,0.0
imagem_1427,1.0,0.0
imagem_1428,1.0,0.0
imagem_1429,1.0,0.0
imagem_1430,1.0,1.0
imagem_1431,1.0,1.0
imagem_1432,1.0,1.0
imagem_1433,1.0,1.0
imagem_1434,1.0,1.0
imagem_1435,1.0,1.0
imagem_1436,-1.0,1.0
imagem_1437,-1.0,1.0
imagem_1438,-1.0,1.0
imagem_1439,-1.0,1.0
imagem_1440,-1.0,0.0
imagem_1441,-1.0,0.0
imagem_1442,-1.0,0.0
imagem_1443,-1.0,0.0
imagem_1444,-1.0,0.0
imagem_1445,-1.0,0.0
imagem_1446,-1.0,0.0
imagem_1447,-1.0,0.0
imagem_1448,-1.0,0.0
imagem_1449,-1.0,0.0
imagem_1450,-1.0,0.0
imagem_1451,-1.0,0.0
imagem_1452,-1.0,0.0
imagem_1453,-1.0,0.0
imagem_1454,-1.0,0.0
imagem_1455,-1.0,0.0
imagem_1456,-1.0,0.0
imagem_1457,-1.0,0.0
imagem_1458,-1.0,0.0
imagem_1459,-1.0,0.0
imagem_1460,-1.0,0.0
imagem_1461,-1.0,0.0
imagem_1462,-1.0,0.0
imagem_1463,-1.0,0.0
imagem_1464,-1.0,0.0
imagem_1465,1.0,0.0
imagem_1466,1.0,0.0
imagem_1467,1.0,0.0
imagem_1468,1.0,0.0
imagem_1469,1.0,0.0
imagem_1470,1.0,0.0
imagem_1471,1.0,0.0
imagem_1472,1.0,0.0
imagem_1473,1.0,0.0
imagem_1474,-1.0,0.0
imagem_1475,-1.0,0.0
imagem_1476,-1.0,0.0
imagem_1477,-1.0,0.0
imagem_1478,-1.0,0.0
imagem_1479,-1.0,0.0
imagem_1480,-1.0,0.0
imagem_1481,-1.0,0.0
imagem_1482,-1.0,0.0
imagem_1483,1.0,0.0
imagem_1484,1.0,0.0
imagem_1485,1.0,0.0
imagem_1486,-1.0,0.0
imagem_1487,-1.0,0.0
imagem_1488,-1.0,0.0
imagem_1489,-1.0,0.0
imagem_1490,-1.0,0.0
imagem_1491,-1.0,0.0
imagem_1492,-1.0,0.0
imagem_1493,-1.0,0.0
imagem_1494,-1.0,0.0
imagem_1495,-1.0,0.0
imagem_1496,-1.0,0.0
imagem_1497,-1.0,0.0
imagem_1498,-1.0,0.0
imagem_1499,-1.0,0.0
imagem_1500,-1.0,0.0
imagem_1501,-1.0,0.0
imagem_1502,-1.0,0.0
imagem_1503,-1.0,0.0
imagem_1504,-1.0,0.0
imagem_1505,1.0,0.0
imagem_1506,1.0,0.0
imagem_1507,1.0,0.0
imagem_1508,1.0,0.0
imagem_1509,1.0,0.0
imagem_1510,1.0,0.0
imagem_1511,1.0,0.0
imagem_1512,1.0,0.0
imagem_1513,1.0,0.0
imagem_1514,1.0,0.0
imagem_1515,1.0,0.0
imagem_1516,1.0,0.0
imagem_1517,-1.0,0.0
imagem_1518,-1.0,0.0
imagem_1519,-1.0,0.0
imagem_1520,-1.0,0.0
imagem_1521,-1.0,0.0
imagem_1522,-1.0,0.0
imagem_1523,-1.0,0.0
imagem_1524,-1.0,0.0
imagem_1525,-1.0,0.0
imagem_1526,-1.0,0.0
imagem_1527,-1.0,0.0
imagem_1528,-1.0,0.0
imagem_1529,-1.0,0.0
imagem_1530,-1.0,0.0
imagem_1531,-1.0,0.0
imagem_1532,-1.0,0.0
imagem_1533,-1.0,0.0
imagem_1534,-1.0,0.0
imagem_1535,-1.0,0.0
imagem_1536,-1.0,0.0
imagem_1537,-1.0,0.0
imagem_1538,-1.0,0.0
imagem_1539,-1.0,0.0
imagem_1540,-1.0,0.0
imagem_1541,-1.0,0.0
imagem_1542,-1.0,0.0
imagem_1543,-1.0,0.0
imagem_1544,-1.0,0.0
imagem_1545,-1.0,0.0
imagem_1546,-1.0,0.0
imagem_1547,-1.0,0.0
imagem_1548,1.0,0.0
imagem_1549,1.0,0.0
imagem_1550,1.0,0.0
imagem_1551,1.0,0.0
imagem_1552,1.0,0.0
imagem_1553,1.0,0.0
imagem_1554,1.0,0.0
imagem_1555,1.0,0.0
imagem_1556,1.0,0.0
imagem_1557,1.0,0.0
imagem_1558,1.0,0.0
imagem_1559,1.0,0.0
imagem_1560,1.0,0.0
imagem_1561,1.0,0.0
imagem_1562,1.0,0.0
imagem_1563,1.0,0.0
imagem_1564,1.0,0.0
imagem_1565,1.0,0.0
imagem_1566,1.0,0.0
imagem_1567,1.0,0.0
imagem_1568,1.0,0.0
imagem_1569,-1.0,0.0
imagem_1570,-1.0,0.0
imagem_1571,-1.0,0.0
imagem_1572,-1.0,0.0
imagem_1573,-1.0,0.0
imagem_1574,-1.0,0.0
imagem_1575,-1.0,0.0
imagem_1576,-1.0,0.0
imagem_1577,-1.0,0.0
imagem_1578,-1.0,0.0
imagem_1579,-1.0,0.0
imagem_1580,-1.0,0.0
imagem_1581,-1.0,0.0
imagem_1582,-1.0,0.0
imagem_1583,-1.0,0.0
imagem_1584,-1.0,0.0
imagem_1585,1.0,0.0
imagem_1586,1.0,0.0
imagem_1587,1.0,0.0
imagem_1588,1.0,0.0
imagem_1589,1.0,0.0
imagem_1590,1.0,0.0
imagem_1591,1.0,0.0
imagem_1592,1.0,0.0
imagem_1593,1.0,0.0
imagem_1594,1.0,0.0
imagem_1595,-1.0,0.0
imagem_1596,-1.0,0.0
imagem_1597,-1.0,0.0
imagem_1598,-1.0,0.0
imagem_1599,-1.0,0.0
imagem_1600,-1.0,0.0
imagem_1601,-1.0,0.0
imagem_1602,-1.0,0.0
imagem_1603,-1.0,0.0
imagem_1604,-1.0,0.0
imagem_1605,-1.0,0.0
imagem_1606,-1.0,0.0
imagem_1607,-1.0,0.0
imagem_1608,-1.0,0.0
imagem_1609,-1.0,0.0
imagem_1610,-1.0,0.0
imagem_1611,-1.0,0.0
imagem_1612,-1.0,0.0
imagem_1613,-1.0,0.0
imagem_1614,-1.0,0.0
imagem_1615,-1.0,0.0
imagem_1616,-1.0,0.0
imagem_1617,-1.0,0.0
imagem_1618,-1.0,0.0
imagem_1619,-1.0,0.0
imagem_1620,-1.0,0.0
imagem_1621,1.0,0.0
imagem_1622,1.0,0.0
imagem_1623,1.0,0.0
imagem_1624,1.0,0.0
imagem_1625,1.0,0.0
imagem_1626,1.0,0.0
imagem_1627,1.0,1.0
imagem_1628,1.0,1.0
imagem_1629,1.0,1.0
imagem_1630,1.0,1.0
imagem_1631,1.0,1.0
imagem_1632,1.0,1.0
imagem_1633,1.0,1.0
imagem_1634,1.0,1.0
imagem_1635,-1.0,1.0
imagem_1636,-1.0,1.0
imagem_1637,-1.0,1.0
imagem_1638,-1.0,1.0
imagem_1639,-1.0,0.0
imagem_1640,-1.0,0.0
imagem_1641,-1.0,0.0
imagem_1642,-1.0,0.0
imagem_1643,-1.0,0.0
imagem_1644,-1.0,0.0
imagem_1645,-1.0,0.0
imagem_1646,-1.0,0.0
imagem_1647,-1.0,0.0
imagem_1648,-1.0,0.0
imagem_1649,-1.0,0.0
imagem_1650,-1.0,0.0
imagem_1651,-1.0,0.0
imagem_1652,-1.0,0.0
imagem_1653,-1.0,0.0
imagem_1654,-1.0,0.0
imagem_1655,-1.0,0.0
imagem_1656,-1.0,0.0
imagem_1657,-1.0,0.0
imagem_1658,-1.0,0.0
imagem_1659,-1.0,0.0
imagem_1660,-1.0,0.0
imagem_1661,-1.0,0.0
imagem_1662,-1.0,0.0
imagem_1663,1.0,0.0
imagem_1664,1.0,0.0
imagem_1665,1.0,0.0
imagem_1666,1.0,0.0
imagem_1667,1.0,0.0
imagem_1668,1.0,0.0
imagem_1669,1.0,0.0
imagem_1670,1.0,0.0
imagem_1671,1.0,0.0
imagem_1672,1.0,0.0
imagem_1673,1.0,0.0
imagem_1674,1.0,0.0
imagem_1675,1.0,0.0
imagem_1676,1.0,0.0
imagem_1677,1.0,0.0
imagem_1678,-1.0,0.0
imagem_1679,-1.0,0.0
imagem_1680,-1.0,0.0
imagem_1681,-1.0,0.0
imagem_1682,-1.0,0.0
imagem_1683,-1.0,0.0
imagem_1684,-1.0,0.0
imagem_1685,-1.0,0.0
imagem_1686,-1.0,0.0
imagem_1687,-1.0,0.0
imagem_1688,-1.0,0.0
imagem_1689,-1.0,0.0
imagem_1690,-1.0,0.0
imagem_1691,-1.0,0.0
imagem_1692,-1.0,0.0
imagem_1693,-1.0,0.0
imagem_1694,-1.0,0.0
imagem_1695,-1.0,0.0
imagem_1696,-1.0,0.0
imagem_1697,-1.0,0.0
imagem_1698,-1.0,0.0
imagem_1699,-1.0,0.0
imagem_1700,-1.0,0.0
imagem_1701,-1.0,0.0
imagem_1702,-1.0,0.0
imagem_1703,-1.0,0.0
imagem_1704,-1.0,0.0
imagem_1705,-1.0,0.0
imagem_1706,-1.0,0.0
imagem_1707,-1.0,0.0
imagem_1708,-1.0,0.0
imagem_1709,1.0,0.0
imagem_1710,1.0,0.0
imagem_1711,1.0,0.0
imagem_1712,1.0,0.0
imagem_1713,1.0,0.0
imagem_1714,1.0,0.0
imagem_1715,1.0,0.0
imagem_1716,1.0,0.0
imagem_1717,-1.0,0.0
imagem_1718,-1.0,0.0
imagem_1719,-1.0,0.0
imagem_1720,-1.0,0.0
imagem_1721,-1.0,0.0
imagem_1722,-1.0,0.0
imagem_1723,-1.0,0.0
imagem_1724,-1.0,0.0
imagem_1725,-1.0,0.0
imagem_1726,-1.0,0.0
imagem_1727,-1.0,0.0
imagem_1728,-1.0,0.0
imagem_1729,-1.0,0.0
imagem_1730,-1.0,0.0
imagem_1731,-1.0,0.0
imagem_1732,-1.0,0.0
imagem_1733,-1.0,0.0
imagem_1734,-1.0,0.0
imagem_1735,-1.0,0.0
imagem_1736,-1.0,0.0
imagem_1737,-1.0,0.0
imagem_1738,-1.0,0.0
imagem_1739,-1.0,0.0
imagem_1740,-1.0,0.0
imagem_1741,-1.0,0.0
imagem_1742,-1.0,0.0
imagem_1743,-1.0,0.0
imagem_1744,-1.0,0.0
imagem_1745,-1.0,0.0
imagem_1746,-1.0,0.0
imagem_1747,-1.0,0.0
imagem_1748,-1.0,0.0
imagem_1749,-1.0,0.0
imagem_1750,-1.0,0.0
imagem_1751,-1.0,0.0
imagem_1752,-1.0,0.0
imagem_1753,-1.0,0.0
imagem_1754,-1.0,0.0
imagem_1755,-1.0,0.0
imagem_1756,-1.0,0.0
imagem_1757,-1.0,0.0
imagem_1758,-1.0,0.0
imagem_1759,-1.0,0.0
imagem_1760,-1.0,0.0
imagem_1761,-1.0,0.0
imagem_1762,-1.0,0.0
imagem_1763,-1.0,0.0
imagem_1764,-1.0,0.0
imagem_1765,-1.0,0.0
imagem_1766,-1.0,0.0
imagem_1767,-1.0,0.0
imagem_1768,-1.0,0.0
imagem_1769,-1.0,0.0
imagem_1770,-1.0,0.0
imagem_1771,-1.0,0.0
imagem_1772,-1.0,0.0
imagem_1773,-1.0,0.0
imagem_1774,1.0,0.0
imagem_1775,1.0,0.0
imagem_1776,1.0,0.0
imagem_1777,1.0,0.0
imagem_1778,1.0,0.0
imagem_1779,1.0,0.0
imagem_1780,1.0,0.0
imagem_1781,1.0,0.0
imagem_1782,1.0,0.0
imagem_1783,1.0,0.0
imagem_1784,1.0,0.0
imagem_1785,1.0,0.0
imagem_1786,1.0,0.0
imagem_1787,1.0,0.0
imagem_1788,1.0,0.0
imagem_1789,1.0,0.0
imagem_1790,1.0,0.0
imagem_1791,1.0,0.0
imagem_1792,-1.0,0.0
imagem_1793,-1.0,0.0
imagem_1794,-1.0,0.0
imagem_1795,-1.0,0.0
imagem_1796,-1.0,0.0
imagem_1797,-1.0,0.0
imagem_1798,-1.0,0.0
imagem_1799,-1.0,0.0
imagem_1800,-1.0,0.0
imagem_1801,-1.0,0.0
imagem_1802,-1.0,0.0
imagem_1803,-1.0,0.0
imagem_1804,-1.0,0.0
imagem_1805,-1.0,0.0
imagem_1806,-1.0,0.0
imagem_1807,-1.0,0.0
imagem_1808,-1.0,0.0
imagem_1809,-1.0,0.0
imagem_1810,-1.0,0.0
imagem_1811,-1.0,0.0
imagem_1812,-1.0,0.0
imagem_1813,-1.0,0.0
imagem_1814,-1.0,0.0
imagem_1815,-1.0,0.0
imagem_1816,-1.0,0.0
imagem_1817,-1.0,0.0
imagem_1818,-1.0,0.0
imagem_1819,-1.0,0.0
imagem_1820,-1.0,0.0
imagem_1821,1.0,0.0
imagem_1822,1.0,0.0
imagem_1823,1.0,0.0
imagem_1824,1.0,1.0
imagem_1825,1.0,1.0
imagem_1826,1.0,1.0
imagem_1827,1.0,1.0
imagem_1828,1.0,1.0
imagem_1829,1.0,1.0
imagem_1830,1.0,1.0
imagem_1831,1.0,1.0
imagem_1832,-1.0,1.0
imagem_1833,-1.0,1.0
imagem_1834,-1.0,1.0
imagem_1835,-1.0,0.0
imagem_1836,-1.0,0.0
imagem_1837,-1.0,0.0
imagem_1838,-1.0,0.0
imagem_1839,-1.0,0.0
imagem_1840,-1.0,0.0
imagem_1841,-1.0,0.0
imagem_1842,-1.0,0.0
imagem_1843,-1.0,0.0
imagem_1844,-1.0,0.0
imagem_1845,-1.0,0.0
imagem_1846,-1.0,0.0
imagem_1847,-1.0,0.0
imagem_1848,-1.0,0.0
imagem_1849,-1.0,0.0
imagem_1850,-1.0,0.0
imagem_1851,-1.0,0.0
imagem_1852,-1.0,0.0
imagem_1853,-1.0,0.0
imagem_1854,-1.0,0.0
imagem_1855,-1.0,0.0
imagem_1856,-1.0,0.0
imagem_1857,-1.0,0.0
imagem_1858,-1.0,0.0
imagem_1859,1.0,0.0
imagem_1860,1.0,0.0
imagem_1861,1.0,0.0
imagem_1862,-1.0,0.0
imagem_1863,-1.0,0.0
imagem_1864,-1.0,0.0
imagem_1865,-1.0,0.0
imagem_1866,-1.0,0.0
imagem_1867,-1.0,0.0
imagem_1868,-1.0,0.0
imagem_1869,-1.0,0.0
imagem_1870,-1.0,0.0
imagem_1871,-1.0,0.0
imagem_1872,-1.0,0.0
imagem_1873,-1.0,0.0
imagem_1874,-1.0,0.0
imagem_1875,-1.0,0.0
imagem_1876,-1.0,0.0
imagem_1877,-1.0,0.0
imagem_1878,-1.0,0.0
imagem_1879,-1.0,0.0
imagem_1880,1.0,0.0
imagem_1881,1.0,0.0
imagem_1882,1.0,0.0
imagem_1883,1.0,0.0
imagem_1884,1.0,0.0
imagem_1885,1.0,0.0
imagem_1886,1.0,0.0
imagem_1887,1.0,0.0
imagem_1888,1.0,0.0
imagem_1889,1.0,0.0
imagem_1890,1.0,0.0
imagem_1891,1.0,0.0
imagem_1892,1.0,0.0
imagem_1893,-1.0,0.0
imagem_1894,-1.0,0.0
imagem_1895,-1.0,0.0
imagem_1896,-1.0,0.0
imagem_1897,-1.0,0.0
imagem_1898,-1.0,0.0
imagem_1899,-1.0,0.0
imagem_1900,-1.0,0.0
imagem_1901,-1.0,0.0
imagem_1902,-1.0,0.0
imagem_1903,-1.0,0.0
imagem_1904,-1.0,0.0
imagem_1905,-1.0,0.0
imagem_1906,-1.0,0.0
imagem_1907,-1.0,0.0
imagem_1908,-1.0,0.0
imagem_1909,-1.0,0.0
imagem_1910,-1.0,0.0
imagem_1911,-1.0,0.0
imagem_1912,-1.0,0.0
imagem_1913,-1.0,0.0
imagem_1914,-1.0,0.0
imagem_1915,-1.0,0.0
imagem_1916,-1.0,0.0
imagem_1917,-1.0,0.0
imagem_1918,-1.0,0.0
imagem_1919,-1.0,0.0
imagem_1920,-1.0,0.0
imagem_1921,-1.0,0.0
imagem_1922,-1.0,0.0
imagem_1923,-1.0,0.0
imagem_1924,-1.0,0.0
imagem_1925,-1.0,0.0
imagem_1926,-1.0,0.0
imagem_1927,-1.0,0.0
imagem_1928,-1.0,0.0
imagem_1929,-1.0,0.0
imagem_1930,-1.0,0.0
imagem_1931,-1.0,0.0
imagem_1932,-1.0,0.0
imagem_1933,-1.0,0.0
imagem_1934,1.0,0.0
imagem_1935,1.0,0.0
imagem_1936,1.0,0.0
imagem_1937,1.0,0.0
imagem_1938,1.0,0.0
imagem_1939,1.0,0.0
imagem_1940,1.0,0.0
imagem_1941,1.0,0.0
imagem_1942,1.0,0.0
imagem_1943,1.0,0.0
imagem_1944,1.0,0.0
imagem_1945,1.0,0.0
imagem_1946,1.0,0.0
imagem_1947,1.0,0.0
imagem_1948,1.0,0.0
imagem_1949,1.0,0.0
imagem_1950,1.0,0.0
imagem_1951,1.0,0.0
imagem_1952,1.0,0.0
imagem_1953,1.0,0.0
imagem_1954,1.0,0.0
imagem_1955,1.0,0.0
imagem_1956,1.0,0.0
imagem_1957,1.0,0.0
imagem_1958,1.0,0.0
imagem_1959,-1.0,0.0
imagem_1960,-1.0,0.0
imagem_1961,-1.0,0.0
imagem_1962,-1.0,0.0
imagem_1963,-1.0,0.0
imagem_1964,-1.0,0.0
imagem_1965,-1.0,0.0
imagem_1966,-1.0,0.0
imagem_1967,-1.0,0.0
imagem_1968,-1.0,0.0
imagem_1969,-1.0,0.0
imagem_1970,-1.0,0.0
imagem_1971,-1.0,0.0
imagem_1972,-1.0,0.0
imagem_1973,1.0,0.0
imagem_1974,1.0,0.0
imagem_1975,1.0,0.0
imagem_1976,-1.0,0.0
imagem_1977,-1.0,0.0
imagem_1978,-1.0,0.0
imagem_1979,-1.0,0.0
imagem_1980,-1.0,0.0
imagem_1981,-1.0,0.0
imagem_1982,-1.0,0.0
imagem_1983,-1.0,0.0
imagem_1984,-1.0,0.0
imagem_1985,-1.0,0.0
imagem_1986,-1.0,0.0
imagem_1987,-1.0,0.0
imagem_1988,-1.0,0.0
imagem_1989,-1.0,0.0
imagem_1990,-1.0,0.0
imagem_1991,-1.0,0.0
imagem_1992,-1.0,0.0
imagem_1993,-1.0,0.0
imagem_1994,-1.0,0.0
imagem_1995,-1.0,0.0
imagem_1996,-1.0,0.0
imagem_1997,-1.0,0.0
imagem_1998,-1.0,0.0
imagem_1999,-1.0,0.0
imagem_2000,-1.0,0.0
imagem_2001,-1.0,0.0
imagem_2002,-1.0,0.0
imagem_2003,-1.0,0.0
imagem_2004,-1.0,0.0
imagem_2005,-1.0,0.0
imagem_2006,-1.0,0.0
imagem_2007,-1.0,0.0
imagem_2008,-1.0,0.0
imagem_2009,1.0,0.0
imagem_2010,1.0,0.0
imagem_2011,1.0,0.0
imagem_2012,1.0,0.0
imagem_2013,1.0,0.0
imagem_2014,1.0,0.0
imagem_2015,1.0,0.0
imagem_2016,1.0,0.0
imagem_2017,1.0,0.0
imagem_2018,1.0,0.0
imagem_2019,1.0,0.0
imagem_2020,1.0,0.0
imagem_2021,1.0,0.0
imagem_2022,1.0,0.0
imagem_2023,1.0,0.0
imagem_2024,1.0,0.0
imagem_2025,1.0,0.0
imagem_2026,1.0,0.0
imagem_2027,1.0,0.0
imagem_2028,1.0,0.0
imagem_2029,1.0,0.0
imagem_2030,1.0,0.0
imagem_2031,1.0,0.0
imagem_2032,1.0,0.0
imagem_2033,1.0,0.0
imagem_2034,1.0,0.0
imagem_2035,1.0,0.0
imagem_2036,1.0,0.0
imagem_2037,1.0,0.0
imagem_2038,1.0,0.0
imagem_2039,1.0,0.0
imagem_2040,1.0,0.0
imagem_2041,1.0,0.0
imagem_2042,1.0,0.0
imagem_2043,1.0,0.0
imagem_2044,1.0,0.0
imagem_2045,1.0,0.0
imagem_2046,-1.0,0.0
imagem_2047,-1.0,0.0
imagem_2048,-1.0,0.0
imagem_2049,-1.0,0.0
imagem_2050,-1.0,0.0
imagem_2051,-1.0,0.0
imagem_2052,-1.0,0.0
imagem_2053,-1.0,0.0
imagem_2054,-1.0,0.0
imagem_2055,-1.0,0.0
imagem_2056,-1.0,0.0
imagem_2057,-1.0,0.0
imagem_2058,-1.0,0.0
imagem_2059,-1.0,0.0
imagem_2060,-1.0,0.0
imagem_2061,-1.0,0.0
imagem_2062,-1.0,0.0
imagem_2063,-1.0,0.0
imagem_2064,-1.0,0.0
imagem_2065,-1.0,0.0
imagem_2066,-1.0,0.0
imagem_2067,-1.0,0.0
imagem_2068,-1.0,0.0
imagem_2069,-1.0,0.0
imagem_2070,-1.0,0.0
imagem_2071,-1.0,0.0
imagem_2072,-1.0,0.0
imagem_2073,-1.0,0.0
imagem_2074,-1.0,0.0
imagem_2075,1.0,0.0
imagem_2076,1.0,0.0
imagem_2077,1.0,0.0
imagem_2078,1.0,0.0
imagem_2079,1.0,0.0
imagem_2080,1.0,1.0
imagem_2081,1.0,1.0
imagem_2082,-1.0,1.0
imagem_2083,1.0,0.0
imagem_2084,1.0,0.0
imagem_2085,-1.0,0.0
imagem_2086,-1.0,0.0
imagem_2087,-1.0,0.0
imagem_2088,-1.0,0.0
imagem_2089,-1.0,0.0
imagem_2090,-1.0,0.0
imagem_2091,-1.0,0.0
imagem_2092,-1.0,0.0
imagem_2093,-1.0,0.0
imagem_2094,-1.0,0.0
imagem_2095,-1.0,0.0
imagem_2096,-1.0,0.0
imagem_2097,-1.0,0.0
imagem_2098,-1.0,0.0
imagem_2099,-1.0,0.0
imagem_2100,-1.0,0.0
imagem_2101,-1.0,0.0
imagem_2102,-1.0,0.0
imagem_2103,-1.0,0.0
imagem_2104,-1.0,0.0
imagem_2105,-1.0,0.0
imagem_2106,-1.0,0.0
imagem_2107,-1.0,0.0
imagem_2108,-1.0,0.0
imagem_2109,-1.0,0.0
imagem_2110,-1.0,0.0
imagem_2111,-1.0,0.0
imagem_2112,-1.0,0.0
imagem_2113,-1.0,0.0
imagem_2114,-1.0,0.0
imagem_2115,-1.0,0.0
imagem_2116,-1.0,0.0
imagem_2117,-1.0,0.0
imagem_2118,-1.0,0.0
imagem_2119,-1.0,0.0
imagem_2120,-1.0,0.0
imagem_2121,-1.0,0.0
imagem_2122,-1.0,0.0
imagem_2123,-1.0,0.0
imagem_2124,-1.0,0.0
imagem_2125,-1.0,0.0
imagem_2126,-1.0,0.0
imagem_2127,-1.0,0.0
imagem_2128,-1.0,0.0
imagem_2129,1.0,0.0
imagem_2130,1.0,0.0
imagem_2131,1.0,0.0
imagem_2132,1.0,0.0
imagem_2133,1.0,0.0
imagem_2134,1.0,0.0
imagem_2135,1.0,0.0
imagem_2136,1.0,0.0
imagem_2137,1.0,0.0
imagem_2138,1.0,0.0
imagem_2139,-1.0,0.0
imagem_2140,-1.0,0.0
imagem_2141,-1.0,0.0
imagem_2142,-1.0,0.0
imagem_2143,-1.0,0.0
imagem_2144,1.0,0.0
imagem_2145,1.0,0.0
imagem_2146,1.0,0.0
imagem_2147,1.0,0.0
imagem_2148,1.0,0.0
imagem_2149,1.0,0.0
imagem_2150,1.0,0.0
imagem_2151,-1.0,0.0
imagem_2152,-1.0,0.0
imagem_2153,-1.0,0.0
imagem_2154,-1.0,0.0
imagem_2155,-1.0,0.0
imagem_2156,-1.0,0.0
imagem_2157,-1.0,0.0
imagem_2158,-1.0,0.0
imagem_2159,-1.0,0.0
imagem_2160,-1.0,0.0
imagem_2161,-1.0,0.0
imagem_2162,-1.0,0.0
imagem_2163,-1.0,0.0
imagem_2164,-1.0,0.0
imagem_2165,-1.0,0.0
imagem_2166,-1.0,0.0
imagem_2167,-1.0,0.0
imagem_2168,-1.0,0.0
imagem_2169,-1.0,0.0
imagem_2170,-1.0,0.0
imagem_2171,-1.0,0.0
imagem_2172,-1.0,0.0
imagem_2173,-1.0,0.0
imagem_2174,-1.0,0.0
imagem_2175,-1.0,0.0
imagem_2176,-1.0,0.0
imagem_2177,-1.0,0.0
imagem_2178,-1.0,0.0
imagem_2179,-1.0,0.0
imagem_2180,-1.0,0.0
imagem_2181,-1.0,0.0
imagem_2182,-1.0,0.0
imagem_2183,-1.0,0.0
imagem_2184,-1.0,0.0
imagem_2185,-1.0,0.0
imagem_2186,-1.0,0.0
imagem_2187,-1.0,0.0
imagem_2188,-1.0,0.0
imagem_2189,-1.0,0.0
imagem_2190,-1.0,0.0
imagem_2191,-1.0,0.0
imagem_2192,-1.0,0.0
imagem_2193,-1.0,0.0
imagem_2194,1.0,0.0
imagem_2195,1.0,0.0
imagem_2196,1.0,0.0
imagem_2197,1.0,0.0
imagem_2198,1.0,0.0
imagem_2199,1.0,0.0
imagem_2200,1.0,0.0
imagem_2201,1.0,0.0
imagem_2202,-1.0,0.0
imagem_2203,-1.0,0.0
imagem_2204,-1.0,0.0
imagem_2205,-1.0,0.0
imagem_2206,-1.0,0.0
imagem_2207,-1.0,0.0
imagem_2208,-1.0,0.0
imagem_2209,-1.0,0.0
imagem_2210,-1.0,0.0
imagem_2211,-1.0,0.0
imagem_2212,-1.0,0.0
imagem_2213,1.0,0.0
imagem_2214,1.0,0.0
imagem_2215,1.0,0.0
imagem_2216,1.0,0.0
imagem_2217,1.0,0.0
imagem_2218,1.0,0.0
imagem_2219,1.0,0.0
imagem_2220,1.0,0.0
imagem_2221,1.0,0.0
imagem_2222,-1.0,0.0
imagem_2223,-1.0,0.0
imagem_2224,-1.0,0.0
imagem_2225,-1.0,0.0
imagem_2226,-1.0,0.0
imagem_2227,-1.0,0.0
imagem_2228,-1.0,0.0
imagem_2229,-1.0,0.0
imagem_2230,-1.0,0.0
imagem_2231,-1.0,0.0
imagem_2232,-1.0,0.0
imagem_2233,-1.0,0.0
imagem_2234,-1.0,0.0
imagem_2235,-1.0,0.0
imagem_2236,-1.0,0.0
imagem_2237,-1.0,0.0
imagem_2238,-1.0,0.0
imagem_2239,-1.0,0.0
imagem_2240,-1.0,0.0
imagem_2241,-1.0,0.0
imagem_2242,-1.0,0.0
imagem_2243,-1.0,0.0
imagem_2244,-1.0,0.0
imagem_2245,-1.0,0.0
imagem_2246,-1.0,0.0
imagem_2247,-1.0,0.0
imagem_2248,-1.0,0.0
imagem_2249,-1.0,0.0
imagem_2250,-1.0,0.0
imagem_2251,-1.0,0.0
imagem_2252,-1.0,0.0
imagem_2253,-1.0,0.0
imagem_2254,-1.0,0.0
imagem_2255,-1.0,0.0
imagem_2256,-1.0,0.0
imagem_2257,-1.0,0.0
imagem_2258,-1.0,0.0
imagem_2259,-1.0,0.0
imagem_2260,-1.0,0.0
imagem_2261,-1.0,0.0
imagem_2262,-1.0,0.0
imagem_2263,-1.0,0.0
imagem_2264,1.0,0.0
imagem_2265,1.0,0.0
imagem_2266,1.0,0.0
imagem_2267,1.0,0.0
imagem_2268,1.0,0.0
imagem_2269,1.0,0.0
imagem_2270,1.0,0.0
imagem_2271,1.0,0.0
imagem_2272,1.0,0.0
imagem_2273,1.0,0.0
imagem_2274,1.0,0.0
imagem_2275,1.0,0.0
imagem_2276,1.0,0.0
imagem_2277,1.0,0.0
imagem_2278,1.0,0.0
imagem_2279,1.0,0.0
imagem_2280,1.0,0.0
imagem_2281,1.0,0.0
imagem_2282,1.0,0.0
imagem_2283,1.0,0.0
imagem_2284,1.0,0.0
imagem_2285,1.0,0.0
imagem_2286,1.0,0.0
imagem_2287,1.0,0.0
imagem_2288,1.0,0.0
imagem_2289,-1.0,0.0
imagem_2290,-1.0,0.0
imagem_2291,-1.0,0.0
imagem_2292,-1.0,0.0
imagem_2293,-1.0,0.0
imagem_2294,1.0,1.0
imagem_2295,1.0,1.0
imagem_2296,1.0,1.0
imagem_2297,1.0,1.0
imagem_2298,1.0,1.0
imagem_2299,1.0,1.0
imagem_2300,1.0,1.0
imagem_2301,1.0,1.0
imagem_2302,-1.0,1.0
imagem_2303,-1.0,1.0
imagem_2304,-1.0,1.0
imagem_2305,-1.0,1.0
imagem_2306,-1.0,0.0
imagem_2307,-1.0,0.0
imagem_2308,-1.0,0.0
imagem_2309,-1.0,0.0
imagem_2310,-1.0,0.0
imagem_2311,-1.0,0.0
imagem_2312,-1.0,0.0
imagem_2313,-1.0,0.0
imagem_2314,-1.0,0.0
imagem_2315,-1.0,0.0
imagem_2316,-1.0,0.0
imagem_2317,-1.0,0.0
imagem_2318,-1.0,0.0
imagem_2319,-1.0,0.0
imagem_2320,-1.0,0.0
imagem_2321,-1.0,0.0
imagem_2322,-1.0,0.0
imagem_2323,-1.0,0.0
imagem_2324,-1.0,0.0
imagem_2325,-1.0,0.0
imagem_2326,-1.0,0.0
imagem_2327,-1.0,0.0
imagem_2328,-1.0,0.0
imagem_2329,-1.0,0.0
imagem_2330,1.0,0.0
imagem_2331,1.0,0.0
imagem_2332,1.0,0.0
imagem_2333,1.0,0.0
imagem_2334,1.0,0.0
imagem_2335,1.0,0.0
imagem_2336,1.0,0.0
imagem_2337,1.0,0.0
imagem_2338,1.0,0.0
imagem_2339,-1.0,0.0
imagem_2340,-1.0,0.0
imagem_2341,-1.0,0.0
imagem_2342,-1.0,0.0
imagem_2343,-1.0,0.0
imagem_2344,-1.0,0.0
imagem_2345,-1.0,0.0
imagem_2346,-1.0,0.0
imagem_2347,-1.0,0.0
imagem_2348,-1.0,0.0
imagem_2349,-1.0,0.0
imagem_2350,-1.0,0.0
imagem_2351,-1.0,0.0
imagem_2352,-1.0,0.0
imagem_2353,-1.0,0.0
imagem_2354,-1.0,0.0
imagem_2355,-1.0,0.0
imagem_2356,-1.0,0.0
imagem_2357,-1.0,0.0
imagem_2358,-1.0,0.0
imagem_2359,-1.0,0.0
imagem_2360,-1.0,0.0
imagem_2361,1.0,0.0
imagem_2362,1.0,0.0
imagem_2363,1.0,0.0
imagem_2364,1.0,0.0
imagem_2365,1.0,0.0
imagem_2366,-1.0,0.0
imagem_2367,-1.0,0.0
imagem_2368,-1.0,0.0
imagem_2369,-1.0,0.0
imagem_2370,-1.0,0.0
imagem_2371,-1.0,0.0
imagem_2372,-1.0,0.0
imagem_2373,-1.0,0.0
imagem_2374,-1.0,0.0
imagem_2375,-1.0,0.0
imagem_2376,-1.0,0.0
imagem_2377,-1.0,0.0
imagem_2378,-1.0,0.0
imagem_2379,-1.0,0.0
imagem_2380,-1.0,0.0
imagem_2381,-1.0,0.0
imagem_2382,1.0,0.0
imagem_2383,1.0,0.0
imagem_2384,1.0,0.0
imagem_2385,1.0,0.0
imagem_2386,1.0,0.0
imagem_2387,1.0,0.0
imagem_2388,1.0,0.0
imagem_2389,1.0,0.0
imagem_2390,1.0,0.0
imagem_2391,1.0,0.0
imagem_2392,1.0,0.0
imagem_2393,-1.0,0.0
imagem_2394,-1.0,0.0
imagem_2395,-1.0,0.0
imagem_2396,-1.0,0.0
imagem_2397,-1.0,0.0
imagem_2398,-1.0,0.0
imagem_2399,-1.0,0.0
imagem_2400,-1.0,0.0
imagem_2401,-1.0,0.0
imagem_2402,-1.0,0.0
imagem_2403,-1.0,0.0
imagem_2404,-1.0,0.0
imagem_2405,-1.0,0.0
imagem_2406,-1.0,0.0
imagem_2407,-1.0,0.0
imagem_2408,-1.0,0.0
imagem_2409,-1.0,0.0
imagem_2410,-1.0,0.0
imagem_2411,-1.0,0.0
imagem_2412,-1.0,0.0
imagem_2413,-1.0,0.0
imagem_2414,-1.0,0.0
imagem_2415,-1.0,0.0
imagem_2416,-1.0,0.0
imagem_2417,-1.0,0.0
imagem_2418,-1.0,0.0
imagem_2419,-1.0,0.0
imagem_2420,-1.0,0.0
imagem_2421,-1.0,0.0
imagem_2422,-1.0,0.0
imagem_2423,-1.0,0.0
imagem_2424,-1.0,0.0
imagem_2425,-1.0,0.0
imagem_2426,-1.0,0.0
imagem_2427,-1.0,0.0
imagem_2428,-1.0,0.0
imagem_2429,-1.0,0.0
imagem_2430,-1.0,0.0
imagem_2431,-1.0,0.0
imagem_2432,-1.0,0.0
imagem_2433,-1.0,0.0
imagem_2434,1.0,0.0
imagem_2435,1.0,0.0
imagem_2436,1.0,0.0
imagem_2437,1.0,0.0
imagem_2438,1.0,0.0
imagem_2439,1.0,0.0
imagem_2440,1.0,0.0
imagem_2441,1.0,0.0
imagem_2442,1.0,0.0
imagem_2443,1.0,0.0
imagem_2444,1.0,0.0
imagem_2445,1.0,0.0
imagem_2446,1.0,0.0
imagem_2447,1.0,0.0
imagem_2448,1.0,0.0
imagem_2449,1.0,0.0
imagem_2450,1.0,0.0
imagem_2451,-1.0,0.0
imagem_2452,-1.0,0.0
imagem_2453,-1.0,0.0
imagem_2454,-1.0,0.0
imagem_2455,-1.0,0.0
imagem_2456,-1.0,0.0
imagem_2457,-1.0,0.0
imagem_2458,-1.0,0.0
imagem_2459,-1.0,0.0
imagem_2460,1.0,1.0
imagem_2461,1.0,1.0
imagem_2462,1.0,1.0
imagem_2463,1.0,1.0
imagem_2464,1.0,1.0
imagem_2465,1.0,1.0
imagem_2466,1.0,1.0
imagem_2467,1.0,1.0
imagem_2468,1.0,0.0
imagem_2469,1.0,0.0
imagem_2470,1.0,0.0
imagem_2471,1.0,0.0
imagem_2472,1.0,0.0
imagem_2473,1.0,0.0
imagem_2474,1.0,0.0
imagem_2475,1.0,0.0
imagem_2476,1.0,0.0
imagem_2477,1.0,0.0
imagem_2478,1.0,0.0
imagem_2479,1.0,0.0
imagem_2480,1.0,0.0
imagem_2481,1.0,0.0
imagem_2482,1.0,0.0
imagem_2483,1.0,0.0
imagem_2484,1.0,0.0
imagem_2485,1.0,0.0
imagem_2486,1.0,0.0
imagem_2487,1.0,0.0
imagem_2488,1.0,0.0
imagem_2489,1.0,0.0
imagem_2490,1.0,0.0
imagem_2491,1.0,0.0
imagem_2492,1.0,0.0
imagem_2493,1.0,0.0
imagem_2494,1.0,0.0
imagem_2495,1.0,0.0
imagem_2496,1.0,1.0
imagem_2497,1.0,1.0
imagem_2498,1.0,1.0
imagem_2499,1.0,1.0
imagem_2500,1.0,1.0
imagem_2501,1.0,0.0
imagem_2502,1.0,0.0
imagem_2503,1.0,0.0
imagem_2504,1.0,0.0
imagem_2505,1.0,0.0
imagem_2506,1.0,0.0
imagem_2507,1.0,0.0
imagem_2508,1.0,0.0
imagem_2509,1.0,0.0
imagem_2510,1.0,0.0
imagem_2511,1.0,0.0
imagem_2512,1.0,0.0
imagem_2513,1.0,0.0
imagem_2514,1.0,0.0
imagem_2515,1.0,0.0
imagem_2516,1.0,0.0
imagem_2517,1.0,0.0
imagem_2518,1.0,0.0
imagem_2519,1.0,0.0
imagem_2520,1.0,0.0
imagem_2521,1.0,0.0
imagem_2522,1.0,0.0
imagem_2523,1.0,0.0
imagem_2524,1.0,0.0
imagem_2525,1.0,0.0
imagem_2526,1.0,0.0
imagem_2527,1.0,0.0
imagem_2528,1.0,0.0
imagem_2529,1.0,0.0
imagem_2530,1.0,0.0
imagem_2531,1.0,0.0
imagem_2532,1.0,0.0
imagem_2533,1.0,0.0
imagem_2534,1.0,0.0
imagem_2535,1.0,0.0
imagem_2536,1.0,0.0
imagem_2537,1.0,0.0
imagem_2538,1.0,0.0
imagem_2539,1.0,0.0
imagem_2540,1.0,0.0
imagem_2541,1.0,0.0
imagem_2542,1.0,0.0
imagem_2543,1.0,0.0
imagem_2544,1.0,0.0
imagem_2545,1.0,0.0
imagem_2546,1.0,0.0
imagem_2547,1.0,0.0
imagem_2548,1.0,0.0
imagem_2549,1.0,0.0
imagem_2550,1.0,0.0
imagem_2551,1.0,0.0
imagem_2552,1.0,0.0
imagem_2553,1.0,0.0
imagem_2554,1.0,0.0
imagem_2555,1.0,0.0
imagem_2556,1.0,0.0
imagem_2557,1.0,0.0
imagem_2558,1.0,0.0
imagem_2559,1.0,0.0
imagem_2560,1.0,0.0
imagem_2561,1.0,0.0
imagem_2562,1.0,0.0
imagem_2563,1.0,0.0
imagem_2564,1.0,0.0
imagem_2565,1.0,0.0
imagem_2566,1.0,0.0
imagem_2567,1.0,0.0
imagem_2568,1.0,0.0
imagem_2569,1.0,0.0
imagem_2570,1.0,0.0
imagem_2571,1.0,0.0
imagem_2572,1.0,0.0
imagem_2573,1.0,0.0
imagem_2574,1.0,0.0
imagem_2575,1.0,0.0
imagem_2576,1.0,0.0
imagem_2577,1.0,0.0
imagem_2578,1.0,0.0
imagem_2579,1.0,0.0
imagem_2580,1.0,0.0
imagem_2581,1.0,0.0
imagem_2582,1.0,0.0
imagem_2583,1.0,0.0
imagem_2584,1.0,0.0
imagem_2585,1.0,0.0
imagem_2586,1.0,0.0
imagem_2587,1.0,0.0
imagem_2588,1.0,0.0
imagem_2589,1.0,0.0
imagem_2590,1.0,0.0
imagem_2591,1.0,0.0
imagem_2592,1.0,0.0
imagem_2593,1.0,0.0
imagem_2594,1.0,0.0
imagem_2595,1.0,0.0
imagem_2596,1.0,0.0
imagem_2597,1.0,0.0
imagem_2598,1.0,0.0
imagem_2599,1.0,0.0
imagem_2600,1.0,0.0
imagem_2601,1.0,0.0
imagem_2602,1.0,0.0
imagem_2603,1.0,0.0
imagem_2604,1.0,0.0
imagem_2605,1.0,0.0
imagem_2606,1.0,0.0
imagem_2607,1.0,0.0
imagem_2608,1.0,0.0
imagem_2609,1.0,0.0
imagem_2610,1.0,0.0
imagem_2611,1.0,0.0
imagem_2612,1.0,0.0
imagem_2613,1.0,0.0
imagem_2614,1.0,0.0
imagem_2615,1.0,0.0
imagem_2616,1.0,0.0
imagem_2617,1.0,0.0
imagem_2618,1.0,0.0
imagem_2619,1.0,0.0
imagem_2620,1.0,0.0
imagem_2621,1.0,0.0
imagem_2622,1.0,0.0
imagem_2623,1.0,0.0
imagem_2624,1.0,1.0
imagem_2625,1.0,1.0
imagem_2626,1.0,1.0
imagem_2627,1.0,0.0
imagem_2628,1.0,0.0
imagem_2629,1.0,0.0
imagem_2630,1.0,0.0
imagem_2631,1.0,0.0
imagem_2632,1.0,0.0
imagem_2633,1.0,0.0
imagem_2634,1.0,0.0
imagem_2635,1.0,0.0
imagem_2636,1.0,0.0
imagem_2637,1.0,0.0
imagem_2638,1.0,0.0
imagem_2639,1.0,0.0
imagem_2640,1.0,0.0
imagem_2641,1.0,0.0
imagem_2642,1.0,0.0
imagem_2643,1.0,0.0
imagem_2644,1.0,0.0
imagem_2645,1.0,0.0
imagem_2646,1.0,0.0
imagem_2647,1.0,0.0
imagem_2648,1.0,0.0
imagem_2649,1.0,0.0
imagem_2650,1.0,0.0
imagem_2651,1.0,0.0
imagem_2652,1.0,0.0
imagem_2653,1.0,0.0
imagem_2654,1.0,0.0
imagem_2655,1.0,0.0
imagem_2656,1.0,0.0
imagem_2657,1.0,0.0
imagem_2658,1.0,0.0
imagem_2659,1.0,0.0
imagem_2660,1.0,0.0
imagem_2661,1.0,0.0
imagem_2662,1.0,0.0
imagem_2663,1.0,0.0
imagem_2664,1.0,0.0
imagem_2665,1.0,0.0
imagem_2666,1.0,0.0
imagem_2667,1.0,0.0
imagem_2668,1.0,0.0
imagem_2669,1.0,0.0
imagem_2670,1.0,0.0
imagem_2671,1.0,0.0
imagem_2672,1.0,0.0
imagem_2673,1.0,0.0
imagem_2674,1.0,0.0
imagem_2675,1.0,0.0
imagem_2676,1.0,0.0
imagem_2677,1.0,0.0
imagem_2678,1.0,0.0
imagem_2679,1.0,0.0
imagem_2680,1.0,0.0
imagem_2681,1.0,0.0
imagem_2682,1.0,0.0
imagem_2683,1.0,0.0
imagem_2684,1.0,0.0
imagem_2685,1.0,0.0
imagem_2686,1.0,0.0
imagem_2687,1.0,0.0
imagem_2688,1.0,0.0
imagem_2689,1.0,0.0
imagem_2690,1.0,0.0
imagem_2691,1.0,1.0
imagem_2692,1.0,1.0
imagem_2693,1.0,1.0
imagem_2694,1.0,0.0
imagem_2695,1.0,0.0
imagem_2696,1.0,0.0
imagem_2697,1.0,0.0
imagem_2698,1.0,0.0
imagem_2699,1.0,0.0
imagem_2700,1.0,0.0
imagem_2701,1.0,0.0
imagem_2702,1.0,0.0
imagem_2703,1.0,0.0
imagem_2704,1.0,0.0
imagem_2705,1.0,0.0
imagem_2706,1.0,0.0
imagem_2707,1.0,0.0
imagem_2708,1.0,0.0
imagem_2709,1.0,0.0
imagem_2710,1.0,0.0
imagem_2711,1.0,0.0
imagem_2712,1.0,0.0
imagem_2713,1.0,0.0
imagem_2714,1.0,0.0
imagem_2715,1.0,0.0
imagem_2716,1.0,0.0
imagem_2717,1.0,0.0
imagem_2718,1.0,0.0
imagem_2719,1.0,0.0
imagem_2720,1.0,0.0
imagem_2721,1.0,0.0
imagem_2722,1.0,0.0
imagem_2723,1.0,0.0
imagem_2724,1.0,0.0
imagem_2725,1.0,0.0
imagem_2726,1.0,0.0
imagem_2727,1.0,0.0
imagem_2728,1.0,0.0
imagem_2729,1.0,0.0
imagem_2730,1.0,0.0
imagem_2731,1.0,0.0
imagem_2732,1.0,0.0
imagem_2733,1.0,0.0
imagem_2734,1.0,0.0
imagem_2735,1.0,0.0
imagem_2736,1.0,0.0
imagem_2737,1.0,0.0
imagem_2738,1.0,0.0
imagem_2739,1.0,0.0
imagem_2740,1.0,0.0
imagem_2741,1.0,0.0
imagem_2742,1.0,0.0
imagem_2743,1.0,0.0
imagem_2744,1.0,0.0
imagem_2745,1.0,0.0
imagem_2746,1.0,0.0
imagem_2747,1.0,0.0
imagem_2748,1.0,0.0
imagem_2749,1.0,0.0
imagem_2750,1.0,0.0
imagem_2751,1.0,0.0
imagem_2752,1.0,0.0
imagem_2753,1.0,0.0
imagem_2754,1.0,0.0
imagem_2755,1.0,0.0
imagem_2756,1.0,0.0
imagem_2757,1.0,0.0
imagem_2758,1.0,0.0
imagem_2759,1.0,0.0
imagem_2760,1.0,0.0
imagem_2761,1.0,0.0
imagem_2762,1.0,0.0
imagem_2763,1.0,0.0
imagem_2764,1.0,0.0
imagem_2765,1.0,0.0
imagem_2766,1.0,0.0
imagem_2767,1.0,1.0
imagem_2768,1.0,1.0
imagem_2769,1.0,1.0
imagem_2770,1.0,0.0
imagem_2771,1.0,0.0
imagem_2772,1.0,0.0
imagem_2773,1.0,0.0
imagem_2774,1.0,0.0
imagem_2775,1.0,0.0
imagem_2776,1.0,0.0
imagem_2777,1.0,0.0
imagem_2778,1.0,0.0
imagem_2779,1.0,0.0
imagem_2780,1.0,0.0
imagem_2781,1.0,0.0
imagem_2782,1.0,0.0
imagem_2783,1.0,0.0
imagem_2784,1.0,0.0
imagem_2785,1.0,0.0
imagem_2786,1.0,0.0
imagem_2787,1.0,0.0
imagem_2788,1.0,0.0
imagem_2789,1.0,0.0
imagem_2790,1.0,0.0
imagem_2791,1.0,0.0
imagem_2792,1.0,0.0
imagem_2793,1.0,0.0
imagem_2794,1.0,0.0
imagem_2795,1.0,0.0
imagem_2796,1.0,0.0
imagem_2797,1.0,0.0
imagem_2798,1.0,0.0
imagem_2799,1.0,0.0
imagem_2800,1.0,0.0
imagem_2801,1.0,0.0
imagem_2802,1.0,0.0
imagem_2803,1.0,0.0
imagem_2804,1.0,0.0
imagem_2805,1.0,0.0
imagem_2806,1.0,0.0
imagem_2807,1.0,0.0
imagem_2808,1.0,0.0
imagem_2809,1.0,0.0
imagem_2810,1.0,0.0
imagem_2811,1.0,0.0
imagem_2812,1.0,0.0
imagem_2813,1.0,0.0
imagem_2814,1.0,0.0
imagem_2815,1.0,0.0
imagem_2816,1.0,0.0
imagem_2817,1.0,0.0
imagem_2818,1.0,0.0
imagem_2819,1.0,0.0
imagem_2820,1.0,0.0
imagem_2821,1.0,0.0
imagem_2822,1.0,0.0
imagem_2823,1.0,0.0
imagem_2824,1.0,0.0
imagem_2825,1.0,0.0
imagem_2826,1.0,0.0
imagem_2827,1.0,0.0
imagem_2828,1.0,0.0
imagem_2829,1.0,0.0
imagem_2830,1.0,0.0
imagem_2831,1.0,0.0
imagem_2832,1.0,0.0
imagem_2833,1.0,0.0
imagem_2834,1.0,0.0
imagem_2835,1.0,0.0
imagem_2836,1.0,0.0
imagem_2837,1.0,0.0
imagem_2838,1.0,0.0
imagem_2839,1.0,0.0
imagem_2840,1.0,0.0
imagem_2841,1.0,0.0
imagem_2842,1.0,0.0
imagem_2843,1.0,0.0
imagem_2844,1.0,0.0
imagem_2845,1.0,0.0
imagem_2846,1.0,0.0
imagem_2847,1.0,0.0
imagem_2848,1.0,0.0
imagem_2849,1.0,0.0
imagem_2850,1.0,0.0
imagem_2851,1.0,0.0
imagem_2852,1.0,0.0
imagem_2853,1.0,0.0
imagem_2854,1.0,0.0
imagem_2855,1.0,0.0
imagem_2856,1.0,0.0
imagem_2857,1.0,0.0
imagem_2858,1.0,0.0
imagem_2859,1.0,0.0
imagem_2860,1.0,0.0
imagem_2861,1.0,0.0
imagem_2862,1.0,0.0
imagem_2863,1.0,1.0
imagem_2864,1.0,1.0
imagem_2865,1.0,1.0
imagem_2866,1.0,1.0
imagem_2867,1.0,1.0
imagem_2868,1.0,1.0
imagem_2869,1.0,1.0
imagem_2870,1.0,1.0
imagem_2871,1.0,0.0
imagem_2872,1.0,0.0
imagem_2873,1.0,0.0
imagem_2874,1.0,0.0
imagem_2875,1.0,0.0
imagem_2876,1.0,0.0
imagem_2877,1.0,0.0
imagem_2878,1.0,0.0
imagem_2879,1.0,0.0
imagem_2880,1.0,0.0
imagem_2881,1.0,0.0
imagem_2882,1.0,0.0
imagem_2883,1.0,0.0
imagem_2884,1.0,0.0
imagem_2885,1.0,0.0
imagem_2886,1.0,0.0
imagem_2887,1.0,0.0
imagem_2888,1.0,0.0
imagem_2889,1.0,0.0
imagem_2890,1.0,0.0
imagem_2891,1.0,0.0
imagem_2892,1.0,0.0
imagem_2893,1.0,0.0
imagem_2894,1.0,0.0
imagem_2895,1.0,0.0
imagem_2896,1.0,0.0
imagem_2897,1.0,0.0
imagem_2898,1.0,0.0
imagem_2899,1.0,0.0
imagem_2900,1.0,0.0
imagem_2901,1.0,0.0
imagem_2902,1.0,0.0
imagem_2903,1.0,0.0
imagem_2904,1.0,0.0
imagem_2905,1.0,0.0
imagem_2906,1.0,0.0
imagem_2907,1.0,0.0
imagem_2908,1.0,0.0
imagem_2909,1.0,0.0
imagem_2910,1.0,0.0
imagem_2911,1.0,0.0
imagem_2912,1.0,0.0
imagem_2913,1.0,0.0
imagem_2914,1.0,0.0
imagem_2915,1.0,0.0
imagem_2916,1.0,0.0
imagem_2917,1.0,0.0
imagem_2918,1.0,0.0
imagem_2919,1.0,0.0
imagem_2920,1.0,0.0
imagem_2921,1.0,0.0
imagem_2922,1.0,0.0
imagem_2923,1.0,0.0
imagem_2924,1.0,0.0
imagem_2925,1.0,0.0
imagem_2926,1.0,0.0
imagem_2927,1.0,0.0
imagem_2928,1.0,0.0
imagem_2929,1.0,0.0
imagem_2930,1.0,0.0
imagem_2931,1.0,0.0
imagem_2932,1.0,1.0
imagem_2933,1.0,1.0
imagem_2934,1.0,1.0
imagem_2935,1.0,1.0
imagem_2936,1.0,1.0
imagem_2937,1.0,1.0
imagem_2938,1.0,1.0
imagem_2939,1.0,1.0
imagem_2940,1.0,0.0
imagem_2941,1.0,0.0
imagem_2942,1.0,0.0
imagem_2943,1.0,0.0
imagem_2944,1.0,0.0
imagem_2945,1.0,0.0
imagem_2946,1.0,0.0
imagem_2947,1.0,0.0
imagem_2948,1.0,0.0
imagem_2949,1.0,0.0
imagem_2950,1.0,0.0
imagem_2951,1.0,0.0
imagem_2952,1.0,0.0
imagem_2953,1.0,0.0
imagem_2954,1.0,0.0
imagem_2955,1.0,0.0
imagem_2956,1.0,0.0
imagem_2957,1.0,0.0
imagem_2958,1.0,0.0
imagem_2959,1.0,0.0
imagem_2960,1.0,0.0
imagem_2961,1.0,0.0
imagem_2962,1.0,0.0
imagem_2963,1.0,0.0
imagem_2964,1.0,0.0
imagem_2965,1.0,0.0
imagem_2966,1.0,0.0
imagem_2967,1.0,0.0
imagem_2968,1.0,0.0
imagem_2969,1.0,0.0
imagem_2970,1.0,0.0
imagem_2971,1.0,0.0
imagem_2972,1.0,0.0
imagem_2973,1.0,0.0
imagem_2974,1.0,0.0
imagem_2975,1.0,0.0
imagem_2976,1.0,0.0
imagem_2977,1.0,0.0
imagem_2978,1.0,0.0
imagem_2979,1.0,0.0
imagem_2980,1.0,0.0
imagem_2981,1.0,0.0
imagem_2982,1.0,0.0
imagem_2983,1.0,0.0
imagem_2984,1.0,1.0
imagem_2985,1.0,1.0
imagem_2986,1.0,1.0
imagem_2987,1.0,1.0
imagem_2988,1.0,0.0
imagem_2989,1.0,0.0
imagem_2990,1.0,0.0
imagem_2991,1.0,0.0
imagem_2992,1.0,0.0
imagem_2993,1.0,0.0
imagem_2994,1.0,0.0
imagem_2995,1.0,0.0
imagem_2996,1.0,0.0
imagem_2997,1.0,0.0
imagem_2998,1.0,0.0
imagem_2999,1.0,0.0
